:020000040800F2
:1000000000000220C51E00087D15000885150008A7
:100010008D150008951500089D15000800000000CA
:10002000000000000000000000000000F187000850
:10003000A515000800000000418A0008455A000884
:10004000151F0008151F0008151F0008151F0008C0
:10005000151F0008151F0008151F0008151F0008B0
:10006000151F0008151F0008151F0008151F0008A0
:10007000151F0008151F0008151F0008B5150008FA
:10008000C9150008151F0008151F00080000000012
:10009000000000000000000000000000151F000824
:1000A000151F0008DD150008151F0008151F0008A2
:1000B000151F0008F1150008151F0008151F00087E
:1000C000151F0008151F0008151F0008151F000840
:1000D000151F0008151F0008151F0008000000006C
:1000E00005160008151F0008151F00080000000075
:1000F000000000000000000000000000151F0008C4
:1001000000000000151F0008151F0008151F00083B
:1001100000000000000000000000000000000000DF
:10012000151F0008151F00082D160008151F0008D0
:10013000151F000800000000000000000000000083
:10014000000000000000000000000000151F000873
:10015000151F0008151F000841160008151F00088C
:10016000151F0008151F0008000000000000000017
:10017000000000000000000000000000000000007F
:1001800000000000151F0008000000000000000033
:08019000151F0008151F0008EF
:1001A00010B5054C237833B9044B13B10448AFF3B1
:1001B00000800123237010BDDC010020000000003E
:1001C00078CE000808B5034B1BB103490348AFF3D1
:1001D000008008BD00000000E001002078CE00088B
:1001E00001F0FF01102A2BDB10F0070F08D010F8E8
:1001F000013B013A8B422DD010F0070F42B3F6D1EC
:10020000F0B441EA012141EA014122F007047FF004
:1002100000070023F0E80256083C85EA010586EA5B
:10022000010685FA47F5A3FA87F586FA47F6A5FA97
:1002300087F68EB9EED1F0BC01F0FF0102F00702A3
:1002400032B110F8013B013A83EA010313B1F8D14E
:100250000020704701387047002D06BF354603382F
:10026000073815F0010F07D1013015F4807F02BF68
:10027000013015F4C03F0130F0BC0138704700BFB9
:1002800081F0004102E000BF83F0004330B54FEA47
:1002900041044FEA430594EA050F08BF90EA020FB4
:1002A0001FBF54EA000C55EA020C7FEA645C7FEA47
:1002B000655C00F0E2804FEA5454D4EB5555B8BF6A
:1002C0006D420CDD2C4480EA020281EA030382EADB
:1002D000000083EA010180EA020281EA0303362D6D
:1002E00088BF30BD11F0004F4FEA01314FF4801C40
:1002F0004CEA113102D0404261EB410113F0004F52
:100300004FEA03334CEA133302D0524263EB430308
:1003100094EA050F00F0A780A4F10104D5F1200EA6
:100320000DDB02FA0EFC22FA05F2801841F1000101
:1003300003FA0EF2801843FA05F359410EE0A5F1D5
:1003400020050EF1200E012A03FA0EFC28BF4CF006
:10035000020C43FA05F3C01851EBE37101F00045BC
:1003600007D54FF0000EDCF1000C7EEB00006EEBC9
:100370000101B1F5801F1BD3B1F5001F0CD3490853
:100380005FEA30004FEA3C0C04F101044FEA4452AA
:1003900012F5800F80F09A80BCF1004F08BF5FEA31
:1003A000500C50F1000041EB045141EA050130BD11
:1003B0005FEA4C0C404141EB0101013C28BFB1F523
:1003C000801FE9D291F0000F04BF01460020B1FA6E
:1003D00081F308BF2033A3F10B03B3F120020CDA41
:1003E0000C3208DD02F1140CC2F10C0201FA0CF01F
:1003F00021FA02F10CE002F11402D8BFC2F1200C84
:1004000001FA02F120FA0CFCDCBF41EA0C01904039
:10041000E41AA2BF01EB0451294330BD6FEA040482
:100420001F3C1CDA0C340EDC04F11404C4F120026D
:1004300020FA04F001FA02F340EA030021FA04F37F
:1004400045EA030130BDC4F10C04C4F1200220FAD6
:1004500002F001FA04F340EA0300294630BD21FA14
:1004600004F0294630BD94F0000F83F4801306BFDA
:1004700081F480110134013D4EE77FEA645C18BFCE
:100480007FEA655C29D094EA050F08BF90EA020F65
:1004900005D054EA000C04BF1946104630BD91EA5D
:1004A000030F1EBF0021002030BD5FEA545C05D160
:1004B0004000494128BF41F0004130BD14F580049F
:1004C0003CBF01F5801130BD01F0004545F0FE4113
:1004D00041F470014FF0000030BD7FEA645C1ABF48
:1004E000194610467FEA655C1CBF0B46024650EA7F
:1004F000013406BF52EA033591EA030F41F40021AB
:1005000030BD00BF90F0000F04BF0021704730B530
:100510004FF4806404F132044FF000054FF0000105
:1005200050E700BF90F0000F04BF0021704730B5C6
:100530004FF4806404F1320410F0004548BF40429B
:100540004FF000013EE700BF42004FEAE2014FEAF0
:1005500031014FEA02701FBF12F07F4393F07F4FCB
:1005600081F06051704732F07F4208BF704793F0CE
:100570007F4F04BF41F40021704730B54FF46074E1
:1005800001F0004521F000411CE700BF50EA0102E4
:1005900008BF704730B54FF000050AE050EA01028D
:1005A00008BF704730B511F0004502D5404261EBFD
:1005B00041014FF4806404F132045FEA915C3FF43E
:1005C000D8AE4FF003025FEADC0C18BF03325FEADB
:1005D000DC0C18BF033202EBDC02C2F1200300FA8C
:1005E00003FC20FA02F001FA03FE40EA0E0021FAB1
:1005F00002F11444BDE600BF70B54FF0FF0C4CF49F
:10060000E06C1CEA11541DBF1CEA135594EA0C0F50
:1006100095EA0C0F00F0DEF82C4481EA030621EA8B
:100620004C5123EA4C5350EA013518BF52EA0335C6
:1006300041F4801143F4801338D0A0FB02CE4FF078
:100640000005E1FB02E506F00042E0FB03E54FF0A8
:100650000006E1FB03569CF0000F18BF4EF0010EA0
:10066000A4F1FF04B6F5007F64F5407404D25FEA9C
:100670004E0E6D4146EB060642EAC62141EA55514F
:100680004FEAC52040EA5E504FEACE2EB4F1FD0C91
:1006900088BFBCF5E06F1ED8BEF1004F08BF5FEA0F
:1006A000500E50F1000041EB045170BD06F00046C1
:1006B00046EA010140EA020081EA0301B4EB5C046E
:1006C000C2BFD4EB0C0541EA045170BD41F4801166
:1006D0004FF0000E013C00F3AB8014F1360FDEBF8B
:1006E000002001F0004170BDC4F10004203C35DA67
:1006F0000C341BDC04F11404C4F1200500FA05F3EA
:1007000020FA04F001FA05F240EA020001F000428A
:1007100021F0004110EBD37021FA04F642EB060100
:100720005EEA430E08BF20EAD37070BDC4F10C042A
:10073000C4F1200500FA04F320FA05F001FA04F2EE
:1007400040EA020001F0004110EBD37041F10001DA
:100750005EEA430E08BF20EAD37070BDC4F12005E5
:1007600000FA05F24EEA020E20FA04F301FA05F24D
:1007700043EA020321FA04F001F0004121FA04F2F5
:1007800020EA020000EBD3705EEA430E08BF20EAC5
:10079000D37070BD94F0000F0FD101F000464000FF
:1007A00041EB010111F4801F08BF013CF7D041EA81
:1007B000060195F0000F18BF704703F00046520085
:1007C00043EB030313F4801F08BF013DF7D043EA56
:1007D0000603704794EA0C0F0CEA135518BF95EA0C
:1007E0000C0F0CD050EA410618BF52EA4306D1D193
:1007F00081EA030101F000414FF0000070BD50EAB2
:10080000410606BF1046194652EA430619D094EA3B
:100810000C0F02D150EA013613D195EA0C0F05D125
:1008200052EA03361CBF104619460AD181EA030179
:1008300001F0004141F0FE4141F470014FF0000031
:1008400070BD41F0FE4141F4780170BD70B54FF0CC
:10085000FF0C4CF4E06C1CEA11541DBF1CEA13554C
:1008600094EA0C0F95EA0C0F00F0A7F8A4EB05042E
:1008700081EA030E52EA03354FEA013100F0888025
:100880004FEA03334FF0805545EA131343EA1263EE
:100890004FEA022245EA111545EA10654FEA0026A3
:1008A0000EF000419D4208BF964244F1FD0404F55C
:1008B000407402D25B084FEA3202B61A65EB0305B8
:1008C0005B084FEA32024FF480104FF4002CB6EB75
:1008D000020E75EB030E22BFB61A754640EA0C00F5
:1008E0005B084FEA3202B6EB020E75EB030E22BF35
:1008F000B61A754640EA5C005B084FEA3202B6EB76
:10090000020E75EB030E22BFB61A754640EA9C0034
:100910005B084FEA3202B6EB020E75EB030E22BF04
:10092000B61A754640EADC0055EA060E18D04FEAC2
:10093000051545EA16754FEA06164FEAC30343EA62
:1009400052734FEAC2025FEA1C1CC0D111F4801F2F
:100950000BD141EA00014FF000004FF0004CB6E728
:1009600011F4801F04BF01430020B4F1FD0C88BFC7
:10097000BCF5E06F3FF6AFAEB5EB030C04BFB6EBD2
:10098000020C5FEA500C50F1000041EB045170BDC5
:100990000EF0004E4EEA113114EB5C04C2BFD4EBF2
:1009A0000C0541EA045170BD41F480114FF0000E76
:1009B000013C90E645EA060E8DE60CEA135594EAF2
:1009C0000C0F08BF95EA0C0F3FF43BAF94EA0C0FF5
:1009D0000AD150EA01347FF434AF95EA0C0F7FF46A
:1009E00025AF104619462CE795EA0C0F06D152EABE
:1009F00003353FF4FDAE1046194622E750EA4106A2
:100A000018BF52EA43067FF4C5AE50EA41047FF4B2
:100A10000DAF52EA43057FF4EBAE12E74FF0FF3C17
:100A200006E000BF4FF0010C02E000BF4FF0010CE8
:100A30004DF804CD4FEA410C7FEA6C5C4FEA430C61
:100A400018BF7FEA6C5C1BD001B050EA410C0CBFB0
:100A500052EA430C91EA030F02BF90EA020F002012
:100A6000704710F1000F91EA030F58BF994208BF79
:100A700090422CBFD8176FEAE37040F00100704736
:100A80004FEA410C7FEA6C5C02D150EA013C07D18D
:100A90004FEA430C7FEA6C5CD6D152EA033CD3D0D8
:100AA0005DF8040B704700BF8446104662468C46D2
:100AB0001946634600E000BF01B5FFF7B7FF002805
:100AC00048BF10F1000F01BD4DF808EDFFF7F4FF2E
:100AD0000CBF012000205DF808FB00BF4DF808EDB9
:100AE000FFF7EAFF34BF012000205DF808FB00BFDC
:100AF0004DF808EDFFF7E0FF94BF012000205DF8FE
:100B000008FB00BF4DF808EDFFF7CEFF94BF0120B2
:100B100000205DF808FB00BF4DF808EDFFF7C4FFAB
:100B200034BF012000205DF808FB00BF4FEA410CF4
:100B30007FEA6C5C02D150EA013C0AD14FEA430CD7
:100B40007FEA6C5C02D152EA033C02D14FF0000014
:100B500070474FF0010070474A0011D212F50012A1
:100B600011D20DD56FF47873B3EB62520ED44FEA05
:100B7000C12343F0004343EA505323FA02F0704785
:100B80004FF00000704750EA013002D14FF0FF30C3
:100B900070474FF0000070474FEA4102B2F1E04366
:100BA00024BFB3F5001CDCF1FE5C0DD901F0004C54
:100BB0004FEAC0024CEA5070B2F1004F40EB8300A4
:100BC00008BF20F00100704711F0804F21D113F1D0
:100BD0003872BCBF01F00040704741F480114FEA09
:100BE0005252C2F11802C2F1200C10FA0CF320FA92
:100BF00002F018BF40F001004FEAC1234FEAD323AF
:100C000003FA0CFC40EA0C0023FA02F34FEA430318
:100C1000CCE77FEA625307D150EA01331EBF4FF0A1
:100C2000FE4040F44000704701F0004040F0FE40BC
:100C300040F40000704700BF53B94AB9002908BF0B
:100C400000281CBF4FF0FF314FF0FF3000F0BEB95D
:100C5000ADF1080C6DE904CE00F03CF8DDF804E0DD
:100C6000DDE9022304B0704738B5002200230446B2
:100C70000D46FFF733FF28B920462946BDE8384026
:100C800000F00AB8204605F1004100F005F84042A6
:100C900061EB410138BD00BFD0B50C4B00220646C8
:100CA0000F46FFF7A9FCFFF757FF0446FFF72AFCA2
:100CB000074B0022FFF7A0FC02460B4630463946A0
:100CC000FFF7E2FAFFF748FF2146D0BD0000F03DF4
:100CD0000000F0412DE9F047089D8E460446884605
:100CE000002B4AD18A42174662D9B2FA82F64EB137
:100CF000C6F1200301FA06F820FA03F3B74043EAED
:100D00000808B4404FEA174E1FFA87FCB8FBFEF103
:100D1000230C0EFB118843EA084301FB0CF29A42B4
:100D200009D9FB1801F1FF3080F0EA809A4240F2C5
:100D3000E78002393B449A1AA3B2B2FBFEF00EFBE5
:100D4000102243EA024300FB0CFC9C4509D9FB1826
:100D500000F1FF3280F0D6809C4540F2D3803B44C6
:100D6000023840EA0140A3EB0C0300211DB1F3401F
:100D70000022C5E90032BDE8F0878B4205D90DB1EC
:100D8000C5E9000100210846F5E7B3FA83F100291F
:100D900046D1734502D3824200F20581841A6EEB7C
:100DA000030201209046002DE5D0C5E90048E2E7A6
:100DB000002A00F09080B2FA82F6002E40F0A48063
:100DC0008A1A030C4FEA174E80B2BCB20121B2FB63
:100DD000FEFC0EFB1C2243EA024304FB0CF29A4287
:100DE00007D9FB180CF1FF3802D29A4200F2E080DA
:100DF000C4469B1AB3FBFEF20EFB123340EA0343D8
:100E000002FB04F49C4207D9FB1802F1FF3002D226
:100E10009C4200F2CA8002461B1B42EA0C40A5E736
:100E2000C1F120068B4022FA06F71F430EFA01F4A7
:100E300020FA06F32EFA06FE4FEA1749234300FA7A
:100E400001F81FFA87FCBEFBF9F01C0C09FB10EE41
:100E500044EA0E4400FB0CFEA64502FA01F209D951
:100E60003C1900F1FF3A80F09C80A64540F2998041
:100E700002383C44A4EB0E041FFA83FEB4FBF9F3E2
:100E800009FB13444EEA044403FB0CFCA44508D9B7
:100E90003C1903F1FF3E80F08280A4457FD9023BDC
:100EA0003C4443EA0040A4EB0C04A0FB02EC644584
:100EB0007346E14662D35FD05DB1B8EB030264EBE9
:100EC000090404FA06F622FA01F31E43CC40C5E9F0
:100ED000006400214FE7B1FBF2FC010C41EA0E4136
:100EE00080B240EA01423B4638463C46B846BE46E0
:100EF0002026B1FBF7F1A2EB080241EA0C4166E7BC
:100F0000014618E710462CE7C6F120022EFA02F33C
:100F1000B740B14020FA02F24FEA174E0A43B3FB42
:100F2000FEF8BCB20EFB1833110C41EA034108FB7A
:100F300004F9B04089454FEA104380B23ED9791890
:100F400008F1FF3C01D289451FD8A1EB0901B1FB93
:100F5000FEF909FB04F80EFB191192B242EA0142B4
:100F6000424529D2BA1809F1FF31C4D24245C2D252
:100F7000A9F102013A44BEE7F0459DD2BEEB02035F
:100F80006CEB070C0138E14696E7A7EB09094944E9
:100F9000A8F1020CB1FBFEF909FB04F8DBE773468C
:100FA0007FE7504666E70846FDE63B44023A33E7F2
:100FB000ACF1020C3B441CE749469CE7A1EB09015C
:100FC000C446B1FBFEF909FB04F8C4E7704700BF53
:100FD00080B582B000AF00237B601F4B1B6B1E4AA5
:100FE00043F4800313631C4B1B6B03F480037B608F
:100FF0007B6800233B60184B1B6B174A43F40013BC
:101000001363154B1B6B03F400133B603B6800221A
:1010100005210F2001F07AF80F2001F093F800224B
:101020000521102001F072F8102001F08BF8002249
:1010300005213A2001F06AF83A2001F083F80022F5
:101040000521462001F062F8462001F07BF800BF40
:101050000837BD4680BD00BF0038024080B500AFF4
:1010600000220421202004F0EFFE0346314A1360E1
:1010700000221C21102004F0E7FE03462E4A1360D4
:1010800000221C21082004F0DFFE03462B4A1360D7
:1010900000221C21082004F0D7FE0346284A1360D2
:1010A00000220621082004F0CFFE0346254A1360E3
:1010B00000228221142004F0C7FE0346224A136056
:1010C000224A0021224804F043FD0346214A1360CE
:1010D000214A0021214804F03BFD0346204A1360C9
:1010E000204A0021204804F033FD03461F4A1360C4
:1010F0001F4A00211F4804F02BFD03461E4A1360BF
:101100001E4A00211E4804F023FD03461D4A1360B9
:101110001D4A00211D4804F01BFD03461C4A1360B4
:101120001C4A00211C4804F013FD03461B4A1360AF
:1011300000BF80BD10020020140200201802002011
:1011400024020020200200201C0200204CD10008B4
:10115000A11100082802002070D10008799500082C
:10116000F801002094D1000841970008FC010020FC
:10117000B8D100089D98000800020020DCD10008CA
:10118000B59A00080402002000D200084199000826
:101190000802002024D20008059800080C02002054
:1011A00080B582B000AF78604FF40051044801F080
:1011B00006FD4FF47A7004F02CFE00BFF4E700BF88
:1011C0000008024080B58AB000AF07F11403002286
:1011D0001A605A609A60DA601A6100233B61454BDD
:1011E0001B6B444A43F004031363424B1B6B03F035
:1011F00004033B613B690023FB603E4B1B6B3D4A94
:1012000043F0800313633B4B1B6B03F08003FB60D5
:10121000FB680023BB60374B1B6B364A43F001036E
:101220001363344B1B6B03F00103BB60BB680023EB
:101230007B60304B1B6B2F4A43F0020313632D4B33
:101240001B6B03F002037B607B6800224FF40051AC
:10125000294801F09BFC0022F021284801F096FC6F
:1012600000228021264801F091FC4FF400537B615D
:101270000123BB610223FB6100233B6207F11403DE
:1012800019461D4801F0FEFAF0237B610123BB6182
:101290000023FB6100233B6207F114031946174842
:1012A00001F0F0FA4FF470437B614FF48813BB6197
:1012B0000223FB6107F114031946114801F0E2FA19
:1012C00080237B610123BB610023FB6100233B6220
:1012D00007F1140319460A4801F0D4FA0022052147
:1012E000282000F013FF282000F02CFF00BF283733
:1012F000BD4680BD003802400008024000000240A8
:101300000004024080B500AF00F006FE00F018F8BF
:10131000FFF758FFFFF75CFE00F0FAFC00F056FA0A
:1013200000F0CCFA00F04AFB08F08CF807F03CFE25
:1013300004F0A2FBFFF792FE04F0E4FB00BFFDE720
:1013400080B594B000AF07F1200330220021184689
:1013500009F010FE07F10C0300221A605A609A602F
:10136000DA601A610023BB60274B1B6C264A43F0EE
:1013700080531364244B1B6C03F08053BB60BB6829
:1013800000237B60214B1B68204A43F440431360D9
:101390001E4B1B6803F440437B607B6801233B6268
:1013A0004FF480337B620223BB634FF48003FB6303
:1013B0000C233B6460237B640223BB640423FB6433
:1013C00007F12003184601F02DFC0346002B01D045
:1013D00000F030F80F23FB6002233B6100237B61A8
:1013E0004FF48053BB610023FB6107F10C03032121
:1013F000184601F08FFE0346002B01D000F01AF8CA
:1014000000BF5037BD4680BD00380240007000402C
:1014100080B582B000AF78607B681B68044A934255
:1014200001D100F09BFD00BF0837BD4680BD00BF65
:101430000000014080B400AF72B600BF00BFFDE7FE
:1014400080B582B000AF00237B60124B5B6C114A09
:1014500043F4804353640F4B5B6C03F480437B6025
:101460007B6800233B600B4B1B6C0A4A43F08053A4
:101470001364084B1B6C03F080533B603B680022F5
:101480000F216FF0010000F041FE00BF0837BD469C
:1014900080BD00BF0038024080B58CB000AF7860DE
:1014A0000023BB6200237B620023BB602E4B5B6C7E
:1014B0002D4A43F0010353642B4B5B6C03F0010393
:1014C000BB60BB6807F10C0207F110031146184618
:1014D00002F000F801F0EAFFB862BB6A234AA2FBFF
:1014E00003239B0C013B7B62214B224A1A60204B59
:1014F00040F2E732DA601E4A7B6A53601C4B0022DE
:101500001A611B4B00229A60194B00229A611848FD
:1015100002F012F8034687F82F3097F82F30002B8F
:101520001BD1134802F0B2F8034687F82F3097F822
:101530002F30002B11D1192000F004FE7B680F2BF7
:1015400008D800227968192000F0E0FD0A4A7B687B
:10155000136002E0012387F82F3097F82F301846E8
:101560003037BD4680BD00BF0038024083DE1B43DC
:101570002C020020000001400400002080B400AFD5
:1015800000BFFDE780B400AF00BFFDE780B400AF4F
:1015900000BFFDE780B400AF00BFFDE780B400AF3F
:1015A00000BFFDE780B400AF00BFBD465DF8047B1F
:1015B0007047000080B500AF024800F0F9FE00BFA0
:1015C00080BD00BF5003002080B500AF024800F08E
:1015D000EFFE00BF80BD00BFB003002080B500AFAC
:1015E000024802F02BFC00BF80BD00BF2C0200208F
:1015F00080B500AF024802F021FC00BF80BD00BFF3
:10160000C002002080B500AF4FF4805001F0F2FA24
:101610004FF4005001F0EEFA4FF4804001F0EAFA86
:101620004FF4004001F0E6FA00BF80BD80B500AF86
:10163000024800F0BDFE00BF80BD00BF580400207E
:1016400080B500AF024800F0B3FE00BF80BD00BF10
:10165000B804002080B400AF01231846BD465DF8F1
:10166000047B704780B582B000AF7860396009F0C4
:101670009BFC034616221A604FF0FF3318460837CA
:10168000BD4680BD80B582B000AF78604FF0FF31BD
:101690007868FFF7E7FF00BFFDE780B586B000AFD1
:1016A000F860B9607A6000237B610AE0AFF30080E4
:1016B0000146BB685A1CBA60CAB21A707B69013312
:1016C0007B617A697B689A42F0DB7B681846183741
:1016D000BD4680BD80B483B000AF78604FF0FF336B
:1016E00018460C37BD465DF8047B704780B483B064
:1016F00000AF786039603B684FF400525A600023B5
:1017000018460C37BD465DF8047B704780B483B043
:1017100000AF7860012318460C37BD465DF8047BA6
:10172000704780B485B000AFF860B9607A6000237C
:1017300018461437BD465DF8047B704780B586B007
:1017400000AF7860144A154BD31A7B617B693B610B
:10175000134B1B68002B02D1114B124A1A60104B1D
:101760001A687B6813443A699A4207D209F01CFC54
:1017700003460C221A604FF0FF3309E0084B1B6848
:10178000FB60074B1A687B681344054A1360FB68CB
:1017900018461837BD4680BD000002200004000036
:1017A000740200209058002080B400AF064BD3F89C
:1017B0008830054A43F47003C2F8883000BFBD4644
:1017C0005DF8047B704700BF00ED00E080B58AB093
:1017D00000AF07F1200300221A605A603B1D00226F
:1017E0001A605A609A60DA601A615A619A61324BE3
:1017F0004FF080421A60304B18225A602E4B002264
:101800009A602D4BC722DA602B4B00221A612A4BBB
:1018100000229A61284801F09BFF0346002B01D06B
:10182000FFF708FE00233B6200237B6207F12003E1
:101830001946214803F05AF90346002B01D0FFF75F
:10184000F9FD60237B600023BB600023FB60002365
:101850007B613B1D00221946174802F0DFFB03465F
:10186000002B01D0FFF7E6FD3B1D0422194612486C
:1018700002F0D4FB0346002B01D0FFF7DBFD3B1D3C
:10188000082219460C4802F0C9FB0346002B01D080
:10189000FFF7D0FD3B1D0C221946074802F0BEFBA6
:1018A0000346002B01D0FFF7C5FD034800F0AAF95D
:1018B00000BF2837BD4680BD7802002080B58EB0BD
:1018C00000AF07F1280300221A605A609A60DA60BC
:1018D00007F1200300221A605A603B1D00221A60A3
:1018E0005A609A60DA601A615A619A61314B324AE1
:1018F0001A60304B00225A602E4B00229A602D4B0A
:101900007C22DA602B4B00221A612A4B00229A615A
:10191000284801F011FE0346002B01D0FFF78AFD95
:101920004FF48053BB6207F128031946214802F0A7
:1019300037FC0346002B01D0FFF77CFD1D4801F06A
:1019400007FF0346002B01D0FFF774FD00233B6225
:1019500000237B6207F120031946164803F0C6F8FE
:101960000346002B01D0FFF765FD60237B60002359
:10197000BB600023FB6000237B613B1D00221946F6
:101980000C4802F04BFB0346002B01D0FFF752FD41
:101990003B1D04221946074802F040FB0346002B7A
:1019A00001D0FFF747FD034800F02CF900BF38379E
:1019B000BD4680BDC00200200004004080B58AB052
:1019C00000AF07F1200300221A605A603B1D00227D
:1019D0001A605A609A60DA601A615A619A61214B02
:1019E000214A1A601F4B00225A601E4B00229A6047
:1019F0001C4BC722DA601B4B00221A61194B0022D4
:101A00009A61184801F0A4FE0346002B01D0FFF7AD
:101A100011FD00233B6200237B6207F1200319467E
:101A2000104803F063F80346002B01D0FFF702FDD6
:101A300060237B600023BB600023FB6000237B618D
:101A40003B1D00221946074802F0E8FA0346002B26
:101A500001D0FFF7EFFC034800F0D4F800BF2837AF
:101A6000BD4680BD080300200008004080B485B05A
:101A700000AF78607B681B68B3F1804F0ED1002304
:101A8000FB60134B1B6C124A43F001031364104BB1
:101A90001B6C03F00103FB60FB6812E07B681B68B2
:101AA0000C4A93420DD10023BB60094B1B6C084AC2
:101AB00043F004031364064B1B6C03F00403BB6088
:101AC000BB6800BF1437BD465DF8047B704700BF9C
:101AD000003802400008004080B584B000AF786054
:101AE0007B681B68414A93427BD10023FB60404BDB
:101AF0001B6C3F4A43F0020313643D4B1B6C03F025
:101B00000203FB60FB683B4B3B4A1A60394B4FF0CA
:101B100020625A60374B40229A60364B0022DA60CE
:101B2000344B4FF480621A61324B4FF400625A61B9
:101B3000304B4FF400529A612E4B0022DA612D4B4C
:101B400000221A622B4B00225A622A4800F008FB3E
:101B50000346002B01D0FFF76DFC7B68254A5A62D3
:101B6000244A7B6893637B68224A9A63214A7B6894
:101B70009363224B224A1A60204B4FF020625A6036
:101B80001E4B40229A601D4B0022DA601B4B4FF423
:101B900080621A61194B4FF400625A61174B4FF47F
:101BA00000529A61154B0022DA61144B00221A622E
:101BB000124B00225A62114800F0D2FA0346002B61
:101BC00001D0FFF737FC7B680C4A9A620B4A7B68AE
:101BD0009363002205211D2000F098FA1D2000F0DB
:101BE000B1FA00BF1037BD4680BD00BF0004004001
:101BF000003802405003002070600240B003002013
:101C00008860024080B58AB000AF786007F11403A5
:101C100000221A605A609A60DA601A617B681B6859
:101C2000B3F1804F1ED100233B61344B1B6B334A11
:101C300043F001031363314B1B6B03F001033B6162
:101C40003B690F237B610223BB610023FB610023FF
:101C50003B6201237B6207F114031946284800F018
:101C600011FE46E07B681B68264A93421ED1002382
:101C7000FB60224B1B6B214A43F0020313631F4B93
:101C80001B6B03F00203FB60FB6830237B610223C4
:101C9000BB610023FB6100233B6202237B6207F1EF
:101CA00014031946184800F0EDFD22E07B681B681C
:101CB000164A93421DD10023BB60104B1B6B0F4A89
:101CC00043F0020313630D4B1B6B03F00203BB6075
:101CD000BB6840237B610223BB610223FB610023BD
:101CE0003B6202237B6207F114031946064800F0A9
:101CF000C9FD00BF2837BD4680BD00BF0038024087
:101D000000000240000400400004024000080040BF
:101D100080B500AF114B124A1A60104B4FF4E132FC
:101D20005A600E4B00229A600C4B0022DA600B4B7B
:101D300000221A61094B0C225A61084B00229A6159
:101D4000064B0022DA61054802F052FF0346002BE1
:101D500001D0FFF76FFB00BF80BD00BF1004002063
:101D60000010014080B58AB000AF786007F114031D
:101D700000221A605A609A60DA601A617B681B68F8
:101D8000494A934240F08B8000233B61474B5B6C98
:101D9000464A43F010035364444B5B6C03F010035A
:101DA0003B613B690023FB60404B1B6B3F4A43F0A8
:101DB000010313633D4B1B6B03F00103FB60FB68E6
:101DC0004FF4C0637B610223BB610023FB610323EB
:101DD0003B6207237B6207F114031946344800F085
:101DE00051FD344B344A1A60324B4FF000625A6056
:101DF000304B00229A602F4B0022DA602D4B4FF4BB
:101E000080621A612B4B00225A612A4B00229A6190
:101E1000284B0022DA61274B4FF400321A62254B1F
:101E200000225A62234800F09BF90346002B01D0A0
:101E3000FFF700FB7B681F4ADA631E4A7B689363E7
:101E40001E4B1F4A1A601D4B4FF000625A601B4B1D
:101E500040229A60194B0022DA60184B4FF48062DE
:101E60001A61164B00225A61144B00229A61134BDF
:101E70000022DA61114B4FF400321A620F4B00223C
:101E80005A620E4800F06CF90346002B01D0FFF7B0
:101E9000D1FA7B68094A9A63084A7B68936300BF5A
:101EA0002837BD4680BD00BF001001400038024009
:101EB000000002405804002040640240B8040020A2
:101EC000B8640240DFF834D0FFF76EFC0C480D49CF
:101ED0000D4A002302E0D458C4500433C4188C4285
:101EE000F9D30A4A0A4C002301E013600432A242EB
:101EF000FBD309F05FF8FFF705FA704700000220F6
:101F000000000020DC01002030D60008DC010020A9
:101F100090580020FEE7000080B500AF0E4B1B6814
:101F20000D4A43F4007313600B4B1B680A4A43F4D9
:101F300080631360084B1B68074A43F48073136087
:101F4000032000F0D8F80F20FFF7A6FAFFF778FA81
:101F50000023184680BD00BF003C024080B400AFA3
:101F6000064B1B781A46064B1B681344044A136041
:101F700000BFBD465DF8047B704700BF080000202D
:101F80001805002080B400AF034B1B681846BD46FF
:101F90005DF8047B704700BF1805002080B485B051
:101FA00000AF78607B6803F00703FB600C4BDB68D5
:101FB000BB60BA684FF6FF031340BB60FB681A02B0
:101FC000BB68134343F0BF6343F40033BB60044A70
:101FD000BB68D36000BF1437BD465DF8047B704713
:101FE00000ED00E080B400AF044BDB681B0A03F097
:101FF00007031846BD465DF8047B704700ED00E01E
:1020000080B483B000AF0346FB7197F90730002B13
:102010000BDBFB7903F01F02074997F907305B09D7
:10202000012000FA02F241F8232000BF0C37BD4620
:102030005DF8047B704700BF00E100E080B483B02E
:1020400000AF03463960FB7197F90730002B0ADBBC
:102050003B68DAB20C4997F907301201D2B20B444F
:1020600083F800230AE03B68DAB20849FB7903F001
:102070000F03043B1201D2B20B441A7600BF0C3797
:10208000BD465DF8047B704700E100E000ED00E034
:1020900080B489B000AFF860B9607A60FB6803F083
:1020A0000703FB61FB69C3F10703042B28BF04236B
:1020B000BB61FB690433062B02D9FB69033B00E0DB
:1020C00000237B614FF0FF32BB6902FA03F3DA436E
:1020D000BB681A407B699A404FF0FF317B6901FA77
:1020E00003F3D9437B680B40134318462437BD469E
:1020F0005DF8047B704780B582B000AF7860786887
:10210000FFF74CFF00BF0837BD4680BD80B586B0E5
:1021100000AF0346B9607A60FB7300237B61FFF771
:1021200061FF78617A68B9687869FFF7B1FF0246A4
:1021300097F90F3011461846FFF780FF00BF183798
:10214000BD4680BD80B582B000AF0346FB7197F9F4
:1021500007301846FFF754FF00BF0837BD4680BD63
:1021600080B586B000AF786000237B61FFF70AFF7F
:1021700038617B68002B01D1012399E07B68022242
:1021800083F835207B68002283F834207B681B6845
:102190001A687B681B6822F001021A600FE0FFF7E3
:1021A000F1FE02463B69D31A052B08D97B68202231
:1021B0005A657B68032283F83520032378E07B6827
:1021C0001B681B6803F00103002BE8D17B681B68C8
:1021D0001B687B617A69384B13407B617B685A6866
:1021E0007B689B681A437B68DB681A437B681B69C2
:1021F0001A437B685B691A437B689B691A437B6857
:10220000DB691A437B681B6A13437A6913437B615A
:102210007B685B6A042B07D17B68DA6A7B681B6B7F
:1022200013437A6913437B617B681B687A691A6080
:102230007B681B685B697B617B6923F007037B61BB
:102240007B685B6A7A6913437B617B685B6A042BFA
:1022500017D17B689B6A7A6913437B617B68DB6A71
:10226000002B0ED0786800F091FA0346002B08D0BE
:102270007B6840225A657B68012283F83520012360
:1022800016E07B681B687A695A61786800F048FA42
:102290000346FB607B68DB6D3F229A40FB689A60D7
:1022A0007B6800225A657B68012283F83520002371
:1022B00018461837BD4680BD3F8010F080B586B007
:1022C00000AFF860B9607A603B600023FB75FB6883
:1022D0009B6D3B61FB6893F83430012B01D10223E5
:1022E00040E0FB68012283F83420FB6893F8353026
:1022F000DBB2012B2FD1FB68022283F83520FB686B
:1023000000225A653B687A68B968F86800F0DAF923
:10231000FB68DB6D3F229A403B699A60FB681B6853
:102320001A68FB681B6842F016021A60FB681B6C97
:10233000002B07D0FB681B681A68FB681B6842F01B
:1023400008021A60FB681B681A68FB681B6842F089
:1023500001021A6005E0FB68002283F834200223A2
:10236000FB75FB7D18461837BD4680BD80B483B031
:1023700000AF78607B6893F83530DBB2022B04D075
:102380007B6880225A6501230CE07B68052283F874
:1023900035207B681B681A687B681B6822F0010285
:1023A0001A60002318460C37BD465DF8047B704761
:1023B00080B586B000AF78600023BB608E4B1B6891
:1023C0008E4AA2FB03239B0A7B617B689B6D3B616A
:1023D0003B691B68FB607B68DB6D08229A40FB68E9
:1023E0001340002B1AD07B681B681B6803F00403A2
:1023F000002B13D07B681B681A687B681B6822F06F
:1024000004021A607B68DB6D08229A403B699A607F
:102410007B685B6D43F001027B685A657B68DB6D0E
:1024200001229A40FB681340002B12D07B681B6886
:102430005B6903F08003002B0BD07B68DB6D01220E
:102440009A403B699A607B685B6D43F002027B684F
:102450005A657B68DB6D04229A40FB681340002BB1
:1024600012D07B681B681B6803F00203002B0BD0A3
:102470007B68DB6D04229A403B699A607B685B6DE8
:1024800043F004027B685A657B68DB6D10229A403A
:10249000FB681340002B43D07B681B681B6803F06C
:1024A0000803002B3CD07B68DB6D10229A403B690F
:1024B0009A607B681B681B6803F48023002B18D08C
:1024C0007B681B681B6803F40023002B08D17B6822
:1024D0001B6C002B24D07B681B6C786898471FE02E
:1024E0007B689B6C002B1BD07B689B6C7868984743
:1024F00016E07B681B681B6803F48073002B07D110
:102500007B681B681A687B681B6822F008021A60E7
:102510007B681B6C002B03D07B681B6C786898472A
:102520007B68DB6D20229A40FB681340002B00F093
:102530008F807B681B681B6803F01003002B00F082
:1025400087807B68DB6D20229A403B699A607B68BC
:1025500093F83530DBB2052B36D17B681B681A68DF
:102560007B681B6822F016021A607B681B685A6938
:102570007B681B6822F080025A617B681B6C002B11
:1025800003D17B689B6C002B07D07B681B681A68A3
:102590007B681B6822F008021A607B68DB6D3F22B3
:1025A0009A403B699A607B68012283F835207B68FA
:1025B000002283F834207B681B6D002B7ED07B6863
:1025C0001B6D7868984779E07B681B681B6803F48B
:1025D0008023002B1DD07B681B681B6803F400233D
:1025E000002B0DD17B685B6C002B31D07B685B6C62
:1025F000786898472CE000BF00000020B5814E1B92
:102600007B68DB6B002B23D07B68DB6B786898479B
:102610001EE07B681B681B6803F48073002B0FD1DE
:102620007B681B681A687B681B6822F010021A60BE
:102630007B68012283F835207B68002283F83420F0
:102640007B68DB6B002B03D07B68DB6B786898477B
:102650007B685B6D002B32D07B685B6D03F0010300
:10266000002B22D07B68052283F835207B681B680D
:102670001A687B681B6822F001021A60BB6801338C
:10268000BB607A699A4207D37B681B681B6803F0BA
:102690000103002BF2D100E000BF7B68012283F828
:1026A00035207B68002283F834207B68DB6C002BAC
:1026B00005D07B68DB6C7868984700E000BF18376E
:1026C000BD4680BD80B485B000AFF860B9607A6067
:1026D0003B60FB681B681A68FB681B6822F4802259
:1026E0001A60FB681B683A685A60FB689B68402B5D
:1026F00008D1FB681B687A689A60FB681B68BA6837
:10270000DA6007E0FB681B68BA689A60FB681B68C0
:102710007A68DA6000BF1437BD465DF8047B704705
:1027200080B485B000AF78607B681B68DBB2103B7B
:10273000144AA2FB03231B09FB60134AFB681344E2
:102740001B781A467B68DA65FB68032B09D97B681E
:102750001B6823F47F7323F003031A1D7B689A65BB
:1027600007E07B681B6823F47F7323F003037A6818
:1027700093657B689B6D18461437BD465DF8047BF6
:10278000704700BFABAAAAAA60D2000880B485B087
:1027900000AF78600023FB737B689B6ABB607B683B
:1027A0009B69002B1FD1BB68032B56D801A252F89E
:1027B00023F000BFC5270008D7270008C527000859
:1027C0005B2800087B68DB6A03F08073002B46D02F
:1027D0000123FB7343E07B68DB6AB3F1C07F40D128
:1027E0000123FB733DE07B689B69B3F5005F21D15A
:1027F000BB68032B37D801A252F823F00D2800083C
:10280000132800080D280008252800080123FB7361
:1028100030E07B68DB6A03F08073002B25D0012356
:10282000FB7322E07B68DB6AB3F1C07F1FD1012319
:10283000FB731CE0BB68022B03D9BB68032B03D0DE
:1028400018E00123FB7315E07B68DB6A03F08073FB
:10285000002B0ED00123FB730BE000BF0AE000BF8A
:1028600008E000BF06E000BF04E000BF02E000BFD8
:1028700000E000BFFB7B18461437BD465DF8047BC3
:10288000704700BF80B489B000AF78603960002322
:102890007B6100233B610023BB610023FB6159E1A5
:1028A0000122FB6902FA03F37B613B681B687A69CA
:1028B00013403B613A697B699A4240F048813B682A
:1028C0005B6803F00303012B05D03B685B6803F0F2
:1028D0000303022B30D17B689B68BB61FB695B0003
:1028E000032202FA03F3DB43BA691340BB613B687E
:1028F000DA68FB695B0002FA03F3BA691343BB6150
:102900007B68BA699A607B685B68BB610122FB697E
:1029100002FA03F3DB43BA691340BB613B685B68AF
:102920001B0903F00102FB6902FA03F3BA691343BE
:10293000BB617B68BA695A603B685B6803F003035C
:10294000032B17D07B68DB68BB61FB695B0003224C
:1029500002FA03F3DB43BA691340BB613B689A6830
:10296000FB695B0002FA03F3BA691343BB617B683E
:10297000BA69DA603B685B6803F00303022B23D17A
:10298000FB69DA087B68083253F82230BB61FB69C7
:1029900003F007039B000F2202FA03F3DB43BA693B
:1029A0001340BB613B681A69FB6903F007039B0096
:1029B00002FA03F3BA691343BB61FB69DA087B6867
:1029C0000832B96943F822107B681B68BB61FB6958
:1029D0005B00032202FA03F3DB43BA691340BB61D5
:1029E0003B685B6803F00302FB695B0002FA03F3D8
:1029F000BA691343BB617B68BA691A603B685B685C
:102A000003F44033002B00F0A2800023FB60574BFF
:102A10005B6C564A43F480435364544B5B6C03F441
:102A20008043FB60FB68524AFB699B08023352F803
:102A30002330BB61FB6903F003039B000F2202FA02
:102A400003F3DB43BA691340BB617B68494A934295
:102A500019D07B68484A934213D07B68474A934217
:102A60000DD07B68464A934207D07B68454A934223
:102A700001D1042308E0072306E0032304E0022336
:102A800002E0012300E00023FA6902F00302920051
:102A90009340BA691343BB613549FB699B08023314
:102AA000BA6941F82320384B9B68BB613B69DB4323
:102AB000BA691340BB613B685B6803F48013002B69
:102AC00003D0BA693B691343BB612F4ABB6993606A
:102AD0002D4BDB68BB613B69DB43BA691340BB61CB
:102AE0003B685B6803F40013002B03D0BA693B69B1
:102AF0001343BB61244ABB69D360234B5B68BB6152
:102B00003B69DB43BA691340BB613B685B6803F414
:102B10000033002B03D0BA693B691343BB611A4AE7
:102B2000BB695360184B1B68BB613B69DB43BA69E7
:102B30001340BB613B685B6803F48033002B03D018
:102B4000BA693B691343BB610F4ABB691360FB69F8
:102B50000133FB61FB690F2B7FF6A2AE00BF00BF04
:102B60002437BD465DF8047B704700BF0038024043
:102B7000003801400000024000040240000802400A
:102B8000000C024000100240003C014080B483B0C1
:102B900000AF78600B467B8013467B707B78002B00
:102BA00003D07A887B689A6103E07B881A047B688B
:102BB0009A6100BF0C37BD465DF8047B704780B456
:102BC00085B000AF78600B467B807B685B69FB60FB
:102BD0007A88FB6813401A04FB68D9437B880B4052
:102BE0001A437B689A6100BF1437BD465DF8047BC9
:102BF0007047000080B582B000AF0346FB80084BF1
:102C00005A69FB881340002B06D0054AFB885361A4
:102C1000FB88184606F0E8FB00BF0837BD4680BDBC
:102C2000003C014080B586B000AF78607B68002B27
:102C300001D1012367E27B681B6803F00103002BCD
:102C400075D0884B9B6803F00C03042B0CD0854B8C
:102C50009B6803F00C03082B12D1824B5B6803F4D2
:102C60008003B3F5800F0BD17E4B1B6803F4003358
:102C7000002B5BD07B685B68002B57D1012342E2BD
:102C80007B685B68B3F5803F06D1764B1B68754A5D
:102C900043F4803313601DE07B685B68B3F5A02FBD
:102CA0000CD1704B1B686F4A43F4802313606D4B4B
:102CB0001B686C4A43F4803313600BE0694B1B685C
:102CC000684A23F480331360664B1B68654A23F41B
:102CD000802313607B685B68002B13D0FFF752F9E9
:102CE000386108E0FFF74EF902463B69D31A642BBE
:102CF00001D9032307E25B4B1B6803F40033002B6D
:102D0000F0D014E0FFF73EF9386108E0FFF73AF938
:102D100002463B69D31A642B01D90323F3E1514BDB
:102D20001B6803F40033002BF0D100E000BF7B6888
:102D30001B6803F00203002B63D04A4B9B6803F02F
:102D40000C03002B0BD0474B9B6803F00C03082BA4
:102D50001CD1444B5B6803F48003002B16D1414B1C
:102D60001B6803F00203002B05D07B68DB68012B96
:102D700001D00123C7E13B4B1B6823F0F8027B68BD
:102D80001B69DB00374913430B603AE07B68DB6863
:102D9000002B20D0344B01221A60FFF7F3F8386182
:102DA00008E0FFF7EFF802463B69D31A022B01D97E
:102DB0000323A8E12B4B1B6803F00203002BF0D088
:102DC000284B1B6823F0F8027B681B69DB00254950
:102DD00013430B6015E0244B00221A60FFF7D2F872
:102DE000386108E0FFF7CEF802463B69D31A022BA0
:102DF00001D9032387E11B4B1B6803F00203002B5F
:102E0000F0D17B681B6803F00803002B36D07B6889
:102E10005B69002B16D0154B01221A60FFF7B2F840
:102E2000386108E0FFF7AEF802463B69D31A022B7F
:102E300001D9032367E10B4B5B6F03F00203002B07
:102E4000F0D01BE0094B00221A60FFF79BF83861B5
:102E50000EE0FFF797F802463B69D31A022B07D919
:102E6000032350E10038024000004742800E4742F1
:102E7000884B5B6F03F00203002BEAD17B681B6871
:102E800003F00403002B00F097800023FB75814BB7
:102E90001B6C03F08053002B0FD10023BB607D4BD4
:102EA0001B6C7C4A43F0805313647A4B1B6C03F019
:102EB0008053BB60BB680123FB75774B1B6803F431
:102EC0008073002B18D1744B1B68734A43F48073D2
:102ED0001360FFF757F8386108E0FFF753F8024630
:102EE0003B69D31A022B01D903230CE16A4B1B68FF
:102EF00003F48073002BF0D07B689B68012B06D114
:102F0000644B1B6F634A43F0010313671CE07B684B
:102F10009B68052B0CD15F4B1B6F5E4A43F004038B
:102F200013675C4B1B6F5B4A43F0010313670BE0B5
:102F3000584B1B6F574A23F001031367554B1B6F08
:102F4000544A23F0040313677B689B68002B15D059
:102F5000FFF718F838610AE0FFF714F802463B69FA
:102F6000D31A41F28832934201D90323CBE0494B73
:102F70001B6F03F00203002BEED014E0FFF702F802
:102F800038610AE0FEF7FEFF02463B69D31A41F2C0
:102F90008832934201D90323B5E03E4B1B6F03F007
:102FA0000203002BEED1FB7D012B05D1394B1B6CAD
:102FB000384A23F0805313647B689B69002B00F030
:102FC000A180344B9B6803F00C03082B5CD07B681A
:102FD0009B69022B41D1314B00221A60FEF7D2FFD0
:102FE000386108E0FEF7CEFF02463B69D31A022B98
:102FF00001D9032387E0274B1B6803F00073002BE4
:10300000F0D17B68DA697B681B6A1A437B685B6A6C
:103010009B011A437B689B6A5B08013B1B041A43B4
:103020007B68DB6A1B061B4913434B601B4B012269
:103030001A60FEF7A7FF386108E0FEF7A3FF02461B
:103040003B69D31A022B01D903235CE0114B1B68A7
:1030500003F00073002BF0D054E0104B00221A60F4
:10306000FEF790FF386108E0FEF78CFF02463B69EF
:10307000D31A022B01D9032345E0064B1B6803F04A
:103080000073002BF0D13DE07B689B69012B07D1D9
:10309000012338E0003802400070004060004742E1
:1030A0001B4B5B68FB607B689B69012B28D0FB682E
:1030B00003F480027B68DB699A4221D1FB6803F04C
:1030C0003F027B681B6A9A421AD1FA6847F6C073BE
:1030D00013407A68526A9201934211D1FB6803F45B
:1030E00040327B689B6A5B08013B1B049A4207D114
:1030F000FB6803F070627B68DB6A1B069A4201D0B2
:10310000012300E0002318461837BD4680BD00BFEC
:103110000038024080B584B000AF786039607B68C9
:10312000002B01D10123CCE0684B1B6803F007039F
:103130003A689A420CD9654B3A68D2B21A70634B1E
:103140001B6803F007033A689A4201D00123B8E0F4
:103150007B681B6803F00203002B20D07B681B6890
:1031600003F00403002B05D0594B9B68584A43F4E5
:10317000E05393607B681B6803F00803002B05D0C5
:10318000534B9B68524A43F460439360504B9B6897
:1031900023F0F0027B689B684D4913438B607B688A
:1031A0001B6803F00103002B44D07B685B68012B94
:1031B00007D1474B1B6803F40033002B19D10123BF
:1031C0007FE07B685B68022B03D07B685B68032B26
:1031D00007D13F4B1B6803F00073002B09D101237B
:1031E0006FE03B4B1B6803F00203002B01D101236E
:1031F00067E0374B9B6823F003027B685B683449C8
:1032000013438B60FEF7BEFEF8600AE0FEF7BAFEDD
:103210000246FB68D31A41F28832934201D9032354
:103220004FE02B4B9B6803F00C027B685B689B00B4
:103230009A42EBD1254B1B6803F007033A689A4288
:103240000CD2224B3A68D2B21A70204B1B6803F0A2
:1032500007033A689A4201D0012332E07B681B6879
:1032600003F00403002B08D0194B9B6823F4E052B1
:103270007B68DB68164913438B607B681B6803F02F
:103280000803002B09D0124B9B6823F460427B6833
:103290001B69DB000E4913438B6000F021F80246E6
:1032A0000B4B9B681B0903F00F030A49CB5C22FA06
:1032B00003F3094A1360094B1B681846FEF7ECF844
:1032C000002318461037BD4680BD00BF003C0240B9
:1032D0000038024048D2000800000020040000200E
:1032E0002DE9B04F90B000AF00237B630023FB6358
:1032F00000233B630023BB63594B9B6803F00C0323
:10330000082B0DD0082B00F2A180002B02D0042B3B
:1033100003D09BE0534BBB639BE0534BBB6398E0F4
:103320004F4B5B6803F03F037B634D4B5B6803F4DB
:103330008003002B28D04A4B5B689B0900223B622C
:103340007A623B6AC3F308000021474B03FB01F29A
:10335000002300FB03F31344434AA0FB0212FA626A
:103360000A46BA62FA6A1344FB627B6B0022BB61B5
:10337000FA61D7E90623D7E90A01FDF75DFC0246A9
:103380000B461346FB6353E0354B5B689B090022F9
:103390003B617A613B69C3F3080A4FF0000B524668
:1033A0005B464FF000004FF00001590141EAD26145
:1033B000500102460B46B2EB0A0863EB0B094FF0D3
:1033C00000024FF000034FEA891343EA98634FEA83
:1033D0008812B2EB080463EB09054FF000024FF0CE
:1033E0000003EB0043EA5473E20014461D4614EB5D
:1033F0000A033B6045EB0B037B604FF000024FF08C
:103400000003D7E9004529468B02214643EA915340
:1034100021468A02104619467B6B0022BB60FA6087
:10342000D7E90223FDF708FC02460B461346FB636F
:103430000B4B5B681B0C03F0030301335B003B6326
:10344000FA6B3B6BB2FBF3F3BB6302E0054BBB6370
:1034500000BFBB6B18464037BD46BDE8B08F00BF0C
:10346000003802400024F40040787D0180B400AFB1
:10347000034B1B681846BD465DF8047B704700BFD0
:103480000000002080B500AFFFF7F0FF0246054BBB
:103490009B689B0A03F007030349CB5C22FA03F302
:1034A000184680BD0038024058D2000880B500AFF1
:1034B000FFF7DCFF0246054B9B685B0B03F007033D
:1034C0000349CB5C22FA03F3184680BD0038024062
:1034D00058D2000880B483B000AF786039607B6850
:1034E0000F221A60124B9B6803F003027B685A603C
:1034F0000F4B9B6803F0F0027B689A600C4B9B6853
:1035000003F4E0527B68DA60094B9B68DB0803F444
:10351000E0527B681A61074B1B6803F007023B68A7
:103520001A6000BF0C37BD465DF8047B704700BFD2
:1035300000380240003C024080B582B000AF7860A5
:103540007B68002B01D1012341E07B6893F83D307B
:10355000DBB2002B06D17B68002283F83C20786820
:10356000FEF7BAFA7B68022283F83D207B681A686E
:103570007B6804331946104600F0E6FF7B680122A1
:1035800083F846207B68012283F83E207B68012275
:1035900083F83F207B68012283F840207B6801226A
:1035A00083F841207B68012283F842207B68012256
:1035B00083F843207B68012283F844207B68012242
:1035C00083F845207B68012283F83D2000231846BC
:1035D0000837BD4680BD000080B485B000AF78607C
:1035E0007B6893F83D30DBB2012B01D001233CE036
:1035F0007B68022283F83D207B681B681E4A934249
:1036000018D07B681B68B3F1804F13D07B681B68B0
:103610001A4A93420ED07B681B68194A934209D01C
:103620007B681B68174A934204D07B681B68164A64
:10363000934211D17B681B689B6803F00703FB6012
:10364000FB68062B10D07B681B681A687B681B68B8
:1036500042F001021A6007E07B681B681A687B6809
:103660001B6842F001021A60002318461437BD4659
:103670005DF8047B704700BF00000140000400407B
:1036800000080040000C00400040014080B485B0BC
:1036900000AF78607B6893F83D30DBB2012B01D03E
:1036A000012344E07B68022283F83D207B681B688D
:1036B000DA687B681B6842F00102DA607B681B688D
:1036C0001E4A934218D07B681B68B3F1804F13D019
:1036D0007B681B681A4A93420ED07B681B68194AA4
:1036E000934209D07B681B68174A934204D07B68D9
:1036F0001B68164A934211D17B681B689B6803F0D4
:103700000703FB60FB68062B10D07B681B681A68F8
:103710007B681B6842F001021A6007E07B681B6847
:103720001A687B681B6842F001021A600023184681
:103730001437BD465DF8047B704700BF00000140B0
:103740000004004000080040000C00400040014020
:1037500080B582B000AF78607B68002B01D1012377
:1037600041E07B6893F83D30DBB2002B06D17B68EB
:10377000002283F83C207868FEF778F97B68022203
:1037800083F83D207B681A687B680433194610462D
:1037900000F0DAFE7B68012283F846207B68012274
:1037A00083F83E207B68012283F83F207B6801225A
:1037B00083F840207B68012283F841207B68012246
:1037C00083F842207B68012283F843207B68012232
:1037D00083F844207B68012283F845207B6801221E
:1037E00083F83D20002318460837BD4680BD000001
:1037F00080B584B000AF786039603B68002B09D198
:103800007B6893F83E30DBB2012B14BF0123002309
:10381000DBB222E03B68042B09D17B6893F83F3090
:10382000DBB2012B14BF01230023DBB215E03B68A0
:10383000082B09D17B6893F84030DBB2012B14BF11
:1038400001230023DBB208E07B6893F84130DBB250
:10385000012B14BF01230023DBB2002B01D0012375
:1038600068E03B68002B04D17B68022283F83E208D
:1038700013E03B68042B04D17B68022283F83F20CD
:103880000BE03B68082B04D17B68022283F84020C0
:1038900003E07B68022283F841207B681B680122D9
:1038A0003968184601F0FCF87B681B68234A93428C
:1038B00007D17B681B685A6C7B681B6842F4004226
:1038C0005A647B681B681D4A934218D07B681B684A
:1038D000B3F1804F13D07B681B68194A93420ED016
:1038E0007B681B68174A934209D07B681B68164A9D
:1038F000934204D07B681B68144A934211D17B68C1
:103900001B689B6803F00703FB60FB68062B10D065
:103910007B681B681A687B681B6842F001021A60AA
:1039200007E07B681B681A687B681B6842F001022D
:103930001A60002318461037BD4680BD00000140C4
:103940000004004000080040000C0040004001401E
:1039500080B586B000AFF860B9607A607B800023E4
:10396000FB75BB68002B09D1FB6893F83E30DBB2D6
:10397000022B0CBF01230023DBB222E0BB68042B27
:1039800009D1FB6893F83F30DBB2022B0CBF012357
:103990000023DBB215E0BB68082B09D1FB6893F864
:1039A0004030DBB2022B0CBF01230023DBB208E066
:1039B000FB6893F84130DBB2022B0CBF01230023DC
:1039C000DBB2002B01D002235DE1BB68002B09D1E3
:1039D000FB6893F83E30DBB2012B0CBF01230023C0
:1039E000DBB222E0BB68042B09D1FB6893F83F30BF
:1039F000DBB2012B0CBF01230023DBB215E0BB6857
:103A0000082B09D1FB6893F84030DBB2012B0CBFC7
:103A100001230023DBB208E0FB6893F84130DBB2FE
:103A2000012B0CBF01230023DBB2002B24D07B68C9
:103A3000002B02D07B88002B01D1012323E1BB683E
:103A4000002B04D1FB68022283F83E2016E0BB68FD
:103A5000042B04D1FB68022283F83F200EE0BB68F0
:103A6000082B04D1FB68022283F8402006E0FB68A3
:103A7000022283F8412001E0012304E1BB680C2B02
:103A800000F2AE8001A252F823F000BFC13A000854
:103A9000E13B0008E13B0008E13B0008093B00086E
:103AA000E13B0008E13B0008E13B0008513B000816
:103AB000E13B0008E13B0008E13B0008993B0008BE
:103AC000FB685B6A724ADA63FB685B6A714A1A6474
:103AD000FB685B6A704ADA64FB68586A7968FB685D
:103AE0001B6834331A467B88FEF7E8FB0346002B3D
:103AF00001D00123C7E0FB681B68DA68FB681B681C
:103B000042F40072DA606EE0FB689B6A604ADA6336
:103B1000FB689B6A5F4A1A64FB689B6A5E4ADA64C8
:103B2000FB68986A7968FB681B6838331A467B889B
:103B3000FEF7C4FB0346002B01D00123A3E0FB6882
:103B40001B68DA68FB681B6842F48062DA604AE04E
:103B5000FB68DB6A4E4ADA63FB68DB6A4D4A1A642B
:103B6000FB68DB6A4C4ADA64FB68D86A7968FB68F0
:103B70001B683C331A467B88FEF7A0FB0346002BEC
:103B800001D001237FE0FB681B68DA68FB681B68D3
:103B900042F40062DA6026E0FB681B6B3C4ADA63A1
:103BA000FB681B6B3B4A1A64FB681B6B3A4ADA647E
:103BB000FB68186B7968FB681B6840331A467B8882
:103BC000FEF77CFB0346002B01D001235BE0FB6882
:103BD0001B68DA68FB681B6842F48052DA6002E016
:103BE0000123FB7500BFFB7D002B4BD1FB681B68DD
:103BF0000122B968184600F053FFFB681B68274A8A
:103C0000934207D1FB681B685A6CFB681B6842F43F
:103C100000425A64FB681B68204A934218D0FB6834
:103C20001B68B3F1804F13D0FB681B681C4A93429A
:103C30000ED0FB681B681B4A934209D0FB681B68C7
:103C4000194A934204D0FB681B68184A934211D169
:103C5000FB681B689B6803F007033B613B69062B0D
:103C600010D0FB681B681A68FB681B6842F00102F1
:103C70001A6007E0FB681B681A68FB681B6842F063
:103C800001021A60FB7D18461837BD4680BD00BF93
:103C900039440008E1440008A7430008000001403F
:103CA0000004004000080040000C004000400140BB
:103CB00080B584B000AF786039600023FB733B6847
:103CC0000C2B55D801A252F823F000BF013D00088B
:103CD000713D0008713D0008713D00081D3D000860
:103CE000713D0008713D0008713D0008393D000834
:103CF000713D0008713D0008713D0008553D000808
:103D00007B681B68DA687B681B6822F40072DA60E3
:103D10007B685B6A1846FEF729FB2CE07B681B6812
:103D2000DA687B681B6822F48062DA607B689B6AD1
:103D30001846FEF71BFB1EE07B681B68DA687B6891
:103D40001B6822F40062DA607B68DB6A1846FEF7C3
:103D50000DFB10E07B681B68DA687B681B6822F447
:103D60008052DA607B681B6B1846FEF7FFFA02E0B0
:103D70000123FB7300BFFB7B002B57D17B681B68C3
:103D800000223968184600F08BFE7B681B682A4ABF
:103D9000934217D17B681B681A6A41F211131340D2
:103DA000002B0FD17B681B681A6A40F24443134012
:103DB000002B07D17B681B685A6C7B681B6822F458
:103DC00000425A647B681B681A6A41F2111313405F
:103DD000002B0FD17B681B681A6A40F244431340E2
:103DE000002B07D17B681B681A687B681B6822F070
:103DF00001021A603B68002B04D17B68012283F822
:103E00003E2013E03B68042B04D17B68012283F839
:103E10003F200BE03B68082B04D17B68012283F82C
:103E2000402003E07B68012283F84120FB7B184699
:103E30001037BD4680BD00BF0000014080B584B092
:103E400000AF78607B681B68DB68FB607B681B6881
:103E50001B69BB60BB6803F00203002B20D0FB682A
:103E600003F00203002B1BD07B681B686FF002027B
:103E70001A617B6801221A777B681B689B6903F0D3
:103E80000303002B03D0786800F05BFA05E0786844
:103E900000F04DFA786800F05EFA7B6800221A772D
:103EA000BB6803F00403002B20D0FB6803F004037D
:103EB000002B1BD07B681B686FF004021A617B68C3
:103EC00002221A777B681B689B6903F44073002BFE
:103ED00003D0786800F035FA05E0786800F027FA3A
:103EE000786800F038FA7B6800221A77BB6803F024
:103EF0000803002B20D0FB6803F00803002B1BD025
:103F00007B681B686FF008021A617B6804221A77CD
:103F10007B681B68DB6903F00303002B03D0786820
:103F200000F00FFA05E0786800F001FA786800F018
:103F300012FA7B6800221A77BB6803F01003002B8B
:103F400020D0FB6803F01003002B1BD07B681B689C
:103F50006FF010021A617B6808221A777B681B6871
:103F6000DB6903F44073002B03D0786800F0E9F9B3
:103F700005E0786800F0DBF9786800F0ECF97B6820
:103F800000221A77BB6803F00103002B0CD0FB68FA
:103F900003F00103002B07D07B681B686FF0010260
:103FA0001A617868FDF734FABB6803F08003002BD0
:103FB0000CD0FB6803F08003002B07D07B681B68E4
:103FC0006FF080021A61786800F008FEBB6803F0A9
:103FD0004003002B0CD0FB6803F04003002B07D0FC
:103FE0007B681B686FF040021A61786800F0C7F9BF
:103FF000BB6803F02003002B0CD0FB6803F0200308
:10400000002B07D07B681B686FF020021A6178686C
:1040100000F0DAFD00BF1037BD4680BD80B586B028
:1040200000AFF860B9607A600023FB75FB6893F815
:104030003C30012B01D10223AEE0FB68012283F862
:104040003C207B680C2B00F29F8001A252F823F0E9
:10405000854000088941000889410008894100081D
:10406000C5400008894100088941000889410008CD
:10407000074100088941000889410008894100087A
:1040800047410008FB681B68B968184600F0E2FA6F
:10409000FB681B689A69FB681B6842F008029A611A
:1040A000FB681B689A69FB681B6822F004029A612E
:1040B000FB681B689969BB681A69FB681B680A433F
:1040C0009A6164E0FB681B68B968184600F028FB39
:1040D000FB681B689A69FB681B6842F400629A617E
:1040E000FB681B689A69FB681B6822F480629A610E
:1040F000FB681B689969BB681B691A02FB681B682F
:104100000A439A6143E0FB681B68B968184600F0EF
:1041100073FBFB681B68DA69FB681B6842F00802E6
:10412000DA61FB681B68DA69FB681B6822F004022D
:10413000DA61FB681B68D969BB681A69FB681B6890
:104140000A43DA6123E0FB681B68B968184600F08F
:10415000BDFBFB681B68DA69FB681B6842F4006200
:10416000DA61FB681B68DA69FB681B6822F480620D
:10417000DA61FB681B68D969BB681B691A02FB68B6
:104180001B680A43DA6102E00123FB7500BFFB688C
:10419000002283F83C20FB7D18461837BD4680BDC1
:1041A00080B584B000AF786039600023FB737B6812
:1041B00093F83C30012B01D10223B4E07B6801224B
:1041C00083F83C207B68022283F83D207B681B68D3
:1041D0009B68BB60BB6823F07703BB60BB6823F4BC
:1041E0007F43BB607B681B68BA689A603B681B684A
:1041F000B3F5005F3ED0B3F5005F00F28780B3F502
:10420000805F00F08680B3F5805F7FD8702B1AD076
:10421000702B7BD8602B50D0602B77D8502B3CD0A4
:10422000502B73D8402B58D0402B6FD8302B64D0F4
:10423000302B6BD8202B60D0202B67D8002B5CD084
:10424000102B5AD062E07B6818683B6899683B681D
:104250005A683B68DB6800F003FC7B681B689B685E
:10426000BB60BB6843F07703BB607B681B68BA68C0
:104270009A604FE07B6818683B6899683B685A68A9
:104280003B68DB6800F0ECFB7B681B689A687B6826
:104290001B6842F480429A603CE07B6818683B6887
:1042A00059683B68DB681A4600F060FB7B681B6856
:1042B0005021184600F0B9FB2CE07B6818683B6879
:1042C00059683B68DB681A4600F07FFB7B681B6817
:1042D0006021184600F0A9FB1CE07B6818683B6869
:1042E00059683B68DB681A4600F040FB7B681B6836
:1042F0004021184600F099FB0CE07B681A683B6887
:104300001B681946104600F090FB03E00123FB7385
:1043100000E000BF7B68012283F83D207B6800221B
:1043200083F83C20FB7B18461037BD4680BD80B427
:1043300083B000AF786000BF0C37BD465DF8047BEA
:10434000704780B483B000AF786000BF0C37BD46C3
:104350005DF8047B704780B483B000AF786000BF25
:104360000C37BD465DF8047B704780B483B000AF66
:10437000786000BF0C37BD465DF8047B704780B4A1
:1043800083B000AF786000BF0C37BD465DF8047B9A
:10439000704780B483B000AF786000BF0C37BD4673
:1043A0005DF8047B704780B584B000AF78607B68AF
:1043B0009B6BFB60FB685B6A7A689A4207D1FB687B
:1043C00001221A77FB68012283F83E202AE0FB686D
:1043D0009B6A7A689A4207D1FB6802221A77FB68C7
:1043E000012283F83F201DE0FB68DB6A7A689A426D
:1043F00007D1FB6804221A77FB68012283F840206A
:1044000010E0FB681B6B7A689A4207D1FB680822B0
:104410001A77FB68012283F8412003E0FB68012240
:1044200083F83D20F868FFF7B4FFFB6800221A7795
:1044300000BF1037BD4680BD80B584B000AF786046
:104440007B689B6BFB60FB685B6A7A689A420BD166
:10445000FB6801221A777B68DB69002B36D1FB6889
:10446000012283F83E2031E0FB689B6A7A689A4219
:104470000BD1FB6802221A777B68DB69002B25D100
:10448000FB68012283F83F2020E0FB68DB6A7A6842
:104490009A420BD1FB6804221A777B68DB69002BF8
:1044A00014D1FB68012283F840200FE0FB681B6BEE
:1044B0007A689A420AD1FB6808221A777B68DB691E
:1044C000002B03D1FB68012283F84120F868FFF735
:1044D00042FFFB6800221A7700BF1037BD4680BD3F
:1044E00080B584B000AF78607B689B6BFB60FB6835
:1044F0005B6A7A689A4203D1FB6801221A7719E055
:10450000FB689B6A7A689A4203D1FB6802221A7799
:1045100010E0FB68DB6A7A689A4203D1FB680422E8
:104520001A7707E0FB681B6B7A689A4202D1FB6836
:1045300008221A77F868FFF718FFFB6800221A773D
:1045400000BF1037BD4680BD80B485B000AF786035
:1045500039607B681B68FB607B68374A93420FD0E9
:104560007B68B3F1804F0BD07B68344A934207D00D
:104570007B68334A934203D07B68324A934208D126
:10458000FB6823F07003FB603B685B68FA681343C9
:10459000FB607B68284A93421BD07B68B3F1804F55
:1045A00017D07B68254A934213D07B68244A9342F4
:1045B0000FD07B68234A93420BD07B68224A9342F8
:1045C00007D07B68214A934203D07B68204A9342FC
:1045D00008D1FB6823F44073FB603B68DB68FA6832
:1045E0001343FB60FB6823F080023B685B69134365
:1045F000FB603B689A687B68DA623B681A687B6894
:104600009A627B680C4A934203D13B681A697B68C3
:104610001A637B681B6843F004027B681A607B683E
:1046200001225A617B68FA681A6000BF1437BD46E0
:104630005DF8047B704700BF0000014000040040AB
:1046400000080040000C00400040014000440140D0
:104650000048014080B487B000AF786039607B6863
:104660001B6A7B617B681B6A23F001027B681A620C
:104670007B685B683B617B689B69FB60FB6823F040
:104680007003FB60FB6823F00303FB603B681B685F
:10469000FA681343FB607B6923F002037B613B688C
:1046A0009B687A6913437B617B681C4A93420CD1F7
:1046B0007B6923F008037B613B68DB687A691343FD
:1046C0007B617B6923F004037B617B68134A93421F
:1046D00011D13B6923F480733B613B6923F4007380
:1046E0003B613B685B693A6913433B613B689B698B
:1046F0003A6913433B617B683A695A607B68FA68A0
:104700009A613B685A687B685A637B687A691A6267
:1047100000BF1C37BD465DF8047B704700000140B8
:1047200080B487B000AF786039607B681B6A7B61BA
:104730007B681B6A23F010027B681A627B685B68E7
:104740003B617B689B69FB60FB6823F4E043FB6093
:10475000FB6823F44073FB603B681B681B02FA682C
:104760001343FB607B6923F020037B613B689B68FC
:104770001B017A6913437B617B681E4A93420DD10A
:104780007B6923F080037B613B68DB681B017A69EE
:1047900013437B617B6923F040037B617B68154A8F
:1047A000934213D13B6923F480633B613B6923F45B
:1047B00000633B613B685B699B003A6913433B6163
:1047C0003B689B699B003A6913433B617B683A698C
:1047D0005A607B68FA689A613B685A687B689A639A
:1047E0007B687A691A6200BF1C37BD465DF8047B9E
:1047F000704700BF0000014080B487B000AF786010
:1048000039607B681B6A7B617B681B6A23F480725A
:104810007B681A627B685B683B617B68DB69FB6075
:10482000FB6823F07003FB60FB6823F00303FB606D
:104830003B681B68FA681343FB607B6923F40073D1
:104840007B613B689B681B027A6913437B617B68D1
:104850001D4A93420DD17B6923F400637B613B6861
:10486000DB681B027A6913437B617B6923F48063F5
:104870007B617B68144A934213D13B6923F48053D4
:104880003B613B6923F400533B613B685B691B015F
:104890003A6913433B613B689B691B013A691343C7
:1048A0003B617B683A695A607B68FA68DA613B6809
:1048B0005A687B68DA637B687A691A6200BF1C37C2
:1048C000BD465DF8047B70470000014080B487B0AE
:1048D00000AF786039607B681B6A3B617B681B6A4C
:1048E00023F480527B681A627B685B687B617B681B
:1048F000DB69FB60FB6823F4E043FB60FB6823F4A7
:104900004073FB603B681B681B02FA681343FB6043
:104910003B6923F400533B613B689B681B033A6986
:1049200013433B617B68104A934209D17B6923F4AE
:1049300080437B613B685B699B017A6913437B61C0
:104940007B687A695A607B68FA68DA613B685A6802
:104950007B681A647B683A691A6200BF1C37BD46DF
:104960005DF8047B704700BF0000014080B487B051
:1049700000AFF860B9607A60FB681B6A7B61FB6816
:104980001B6A23F00102FB681A62FB689B693B61AA
:104990003B6923F0F0033B617B681B013A691343D9
:1049A0003B617B6923F00A037B617A69BB6813432F
:1049B0007B61FB683A699A61FB687A691A6200BF99
:1049C0001C37BD465DF8047B704780B487B000AFEC
:1049D000F860B9607A60FB681B6A7B61FB681B6AE0
:1049E00023F01002FB681A62FB689B693B613B691C
:1049F00023F470433B617B681B033A6913433B61BB
:104A00007B6923F0A0037B61BB681B017A691343B8
:104A10007B61FB683A699A61FB687A691A6200BF38
:104A20001C37BD465DF8047B704780B485B000AF8D
:104A3000786039607B689B68FB60FB6823F07003DB
:104A4000FB603A68FB68134343F00703FB607B6835
:104A5000FA689A6000BF1437BD465DF8047B704762
:104A600080B487B000AFF860B9607A603B60FB68E3
:104A70009B687B617B6923F47F437B613B681A02FF
:104A80007B681A43BB6813437A6913437B61FB68F5
:104A90007A699A6000BF1C37BD465DF8047B704799
:104AA00080B487B000AFF860B9607A60BB6803F08B
:104AB0001F03012202FA03F37B61FB681A6A7B6918
:104AC000DB431A40FB681A62FB681A6ABB6803F092
:104AD0001F03796801FA03F31A43FB681A6200BFE7
:104AE0001C37BD465DF8047B7047000080B485B07C
:104AF00000AF786039607B6893F83C30012B01D1BE
:104B0000022350E07B68012283F83C207B6802226C
:104B100083F83D207B681B685B68FB607B681B68D3
:104B20009B68BB60FB6823F07003FB603B681B68FD
:104B3000FA681343FB607B681B68FA685A607B68FD
:104B40001B681C4A934218D07B681B68B3F1804FE6
:104B500013D07B681B68184A93420ED07B681B6891
:104B6000164A934209D07B681B68154A934204D0C9
:104B70007B681B68134A93420CD1BB6823F0800307
:104B8000BB603B685B68BA681343BB607B681B68AB
:104B9000BA689A607B68012283F83D207B68002216
:104BA00083F83C20002318461437BD465DF8047B8B
:104BB000704700BF000001400004004000080040B2
:104BC000000C00400040014080B483B000AF78602A
:104BD00000BF0C37BD465DF8047B704780B483B0DE
:104BE00000AF786000BF0C37BD465DF8047B7047AE
:104BF00080B582B000AF78607B68002B01D10123C3
:104C000042E07B6893F84130DBB2002B06D17B6831
:104C1000002283F840207868FDF7A4F87B682422FE
:104C200083F841207B681B68DA687B681B6822F484
:104C30000052DA60786800F067FC7B681B681A69CC
:104C40007B681B6822F490421A617B681B685A6972
:104C50007B681B6822F02A025A617B681B68DA684D
:104C60007B681B6842F40052DA607B6800225A6459
:104C70007B68202283F841207B68202283F8422031
:104C80007B6800225A63002318460837BD4680BD62
:104C900080B58AB002AFF860B9603B601346FB8014
:104CA00000237B61FB6893F84130DBB2202B75D188
:104CB000BB68002B02D0FB88002B01D101236EE0E2
:104CC000FB6800225A64FB68212283F84120FDF72B
:104CD00059F97861FB68FA889A84FB68FA88DA8463
:104CE000FB689B68B3F5805F08D1FB681B69002BEC
:104CF00004D10023FB61BB68BB6103E0BB68FB61BF
:104D00000023BB612EE03B6800937B690022802179
:104D1000F86800F06DFA0346002B05D0FB682022EE
:104D200083F8412003233AE0FB69002B0BD1BB69D8
:104D30001B881A46FB681B68C2F308025A60BB69ED
:104D40000233BB6107E0FB691A78FB681B685A6095
:104D5000FB690133FB61FB68DB8C9BB2013B9AB2C0
:104D6000FB68DA84FB68DB8C9BB2002BCBD13B6801
:104D700000937B6900224021F86800F039FA03466D
:104D8000002B05D0FB68202283F84120032306E096
:104D9000FB68202283F84120002300E0022318460C
:104DA0002037BD4680BD000080B58CB000AFF860F4
:104DB000B9601346FB80FB6893F84130DBB2202BCF
:104DC00062D1BB68002B02D0FB88002B01D10123EC
:104DD0005BE0BA68FB681A62FB68FA889A84FB6831
:104DE000FA88DA84FB6800225A64FB68212283F87F
:104DF0004120FB689B6B274ADA63FB689B6B264A62
:104E00001A64FB689B6B254ADA64FB689B6B002283
:104E10001A6507F10803FB62FB68986BFB6A196867
:104E2000FB681B6804331A46FB88FDF747FA034604
:104E3000002B08D0FB6810225A64FB68202283F8FC
:104E40004120012321E0FB681B686FF040021A60DB
:104E5000FB681B681433BB61BB6953E8003F7B618F
:104E60007B6943F08003BB62FB681B681433BA6A3A
:104E70007A623B62396A7A6A41E80023FB61FB6926
:104E8000002BE5D1002300E0022318463037BD4651
:104E900080BD00BF3F4F0008D94F00085D5100089A
:104EA00080B584B000AFF860B9601346FB80FB6842
:104EB00093F84230DBB2202B12D1BB68002B02D01A
:104EC000FB88002B01D101230BE0FB6800221A6351
:104ED000FB881A46B968F86800F0E4F9034600E078
:104EE000022318461037BD4680BD80B483B000AFA2
:104EF000786000BF0C37BD465DF8047B704780B416
:104F000083B000AF786000BF0C37BD465DF8047B0E
:104F1000704780B483B000AF786000BF0C37BD46E7
:104F20005DF8047B704780B483B000AF78600B46B7
:104F30007B8000BF0C37BD465DF8047B704780B5B1
:104F400090B000AF78607B689B6BFB637B681B68ED
:104F50001B6803F48073002B37D1FB6B0022DA84CB
:104F6000FB6B1B6814337B627B6A53E8003F3B6238
:104F70003B6A23F08003BB63FB6B1B681433BA6B83
:104F80003A63FB62F96A3A6B41E80023BB62BB6A91
:104F9000002BE5D1FB6B1B680C333B613B6953E88D
:104FA000003FFB60FB6843F040037B63FB6B1B68C7
:104FB0000C337A6BFA61BB61B969FA6941E8002385
:104FC0007B617B69002BE5D102E0F86B04F09AFD70
:104FD00000BF4037BD4680BD80B584B000AF78606B
:104FE0007B689B6BFB60F868FFF77FFF00BF1037A3
:104FF000BD4680BD80B59CB000AF78607B689B6B80
:10500000FB667B681B681B6803F48073002B72D1FE
:10501000FB6E0022DA85FB6E1B680C33FB64FB6CB5
:1050200053E8003FBB64BB6C23F48073BB66FB6E2C
:105030001B680C33BA6EBA657B65796DBA6D41E851
:1050400000233B653B6D002BE5D1FB6E1B681433E1
:10505000BB63BB6B53E8003F7B637B6B23F00103B7
:105060007B66FB6E1B6814337A6E7A643B64396C22
:105070007A6C41E80023FB63FB6B002BE5D1FB6EF0
:105080001B6814337B627B6A53E8003F3B623B6AD8
:1050900023F040033B66FB6E1B6814333A6E3A63A1
:1050A000FB62F96A3A6B41E80023BB62BB6A002BE2
:1050B000E5D1FB6E202283F84220FB6E1B6B012B97
:1050C00019D1FB6E1B680C333B613B6953E8003F11
:1050D000FB60FB6823F01003FB65FB6E1B680C3361
:1050E000FA6DFA61BB61B969FA6941E800237B6135
:1050F0007B69002BE5D1FB6E00225A63FB6E1B6BB4
:10510000012B06D1FB6E9B8D1946F86EFFF70BFF46
:1051100002E0F86EFFF7F3FE00BF7037BD4680BDBA
:1051200080B584B000AF78607B689B6BFB60FB68E8
:1051300001225A63FB681B6B012B08D1FB689B8D16
:105140005B089BB21946F868FFF7EDFE02E0F868CD
:10515000FFF7DFFE00BF1037BD4680BD80B584B0CD
:1051600000AF78600023FB607B689B6BBB60BB6813
:105170001B685B6903F08003802B0CBF01230023B5
:10518000DBB2FB60BB6893F84130DBB2212B08D166
:10519000FB68002B05D0BB680022DA84B86800F0F9
:1051A00027F9BB681B685B6903F04003402B0CBF09
:1051B00001230023DBB2FB60BB6893F84230DBB213
:1051C000222B08D1FB68002B05D0BB680022DA85B2
:1051D000B86800F035F9BB685B6C43F01002BB683F
:1051E0005A64B86804F0F0FC00BF1037BD4680BDBB
:1051F00080B586B000AFF860B9603B601346FB71C4
:105200003BE03B6AB3F1FF3F37D0FCF7BBFE024601
:105210003B68D31A3A6A9A4202D33B6A002B01D107
:1052200003233AE0FB681B68DB6803F00403002BF0
:1052300023D0BB68802B20D0BB68402B1DD0FB68DF
:105240001B681B6803F00803082B16D100237B6141
:10525000FB681B681B687B61FB681B685B687B6184
:105260007B69F86800F0ECF8FB6808225A64FB6878
:10527000002283F8402001230FE0FB681B681A68B6
:10528000BB681340BA689A420CBF01230023DBB20B
:105290001A46FB799A42B4D0002318461837BD4607
:1052A00080BD000080B598B000AFF860B9601346CB
:1052B000FB80BA68FB689A62FB68FA889A85FB688B
:1052C00000225A64FB68222283F84220FB68DB6BD1
:1052D000444ADA63FB68DB6B434A1A64FB68DB6BA6
:1052E000424ADA64FB68DB6B00221A6507F10803A7
:1052F000FB65FB68D86BFB681B6804331946FB6DC4
:105300001A68FB88FCF7DAFF0346002B08D0FB681D
:1053100010225A64FB68202283F8422001235DE0BA
:1053200000233B61FB681B681B683B61FB681B68D3
:105330005B683B613B69FB681B69002B19D0FB680C
:105340001B680C333B643B6C53E8003FFB63FB6B17
:1053500043F48073BB65FB681B680C33BA6DFA6459
:10536000BB64B96CFA6C41E800237B647B6C002B56
:10537000E5D1FB681B681433FB62FB6A53E8003F0E
:10538000BB62BB6A43F001037B65FB681B68143397
:105390007A6DBA637B63796BBA6B41E800233B6338
:1053A0003B6B002BE5D1FB681B681433BB61BB6909
:1053B00053E8003F7B617B6943F040033B65FB683A
:1053C0001B6814333A6D7A623B62396A7A6A41E843
:1053D0000023FB61FB69002BE5D1002318466037F1
:1053E000BD4680BDF54F0008215100085D51000801
:1053F00080B489B000AF78607B681B680C33FB60B9
:10540000FB6853E8003FBB60BB6823F0C003FB614F
:105410007B681B680C33FA69BA617B617969BA6988
:1054200041E800233B613B69002BE5D17B682022EA
:1054300083F8412000BF2437BD465DF8047B7047E8
:1054400080B495B000AF78607B681B680C337B63D9
:105450007B6B53E8003F3B633B6B23F49073FB642F
:105460007B681B680C33FA6C3A64FB63F96B3A6C2B
:1054700041E80023BB63BB6B002BE5D17B681B6855
:1054800014333B623B6A53E8003FFB61FB6923F046
:105490000103BB647B681B681433BA6CFA62BB629D
:1054A000B96AFA6A41E800237B627B6A002BE5D186
:1054B0007B681B6B012B19D17B681B680C33FB606D
:1054C000FB6853E8003FBB60BB6823F010037B64BC
:1054D0007B681B680C337A6CBA617B617969BA6945
:1054E00041E800233B613B69002BE5D17B6820222A
:1054F00083F842207B6800221A6300BF5437BD4600
:105500005DF8047B704700002DE9B04FC0B000AFDC
:10551000C7F8F400D7F8F4301B681B6923F4405037
:10552000D7F8F430D968D7F8F4301A6840EA0103A4
:105530001361D7F8F4309A68D7F8F4301B691A432E
:10554000D7F8F4305B691A43D7F8F430DB691343BA
:10555000C7F8F830D7F8F4301B68DB6823F416413D
:1055600021F00C01D7F8F4301A68D7F8F8300B4363
:10557000D360D7F8F4301B685B6923F44070D7F828
:10558000F4309969D7F8F4301A6840EA010353619E
:10559000D7F8F4301A688F4B9A4205D0D7F8F43018
:1055A0001A688D4B9A4204D1FDF780FFC7F8FC00C2
:1055B00003E0FDF767FFC7F8FC00D7F8F430DB69BC
:1055C000B3F5004F40F00C81D7F8FC300022C7F84B
:1055D000E830C7F8EC20D7E93A4522462B46911827
:1055E000B9655B41FB65D7E91623214612EB01083B
:1055F000294643EB01094FF000024FF000034FEA48
:10560000C90343EA58734FEAC802904699462346B5
:1056100018EB0303C7F8E0302B4649EB0303C7F848
:10562000E430D7F8F4305B680022C7F8D830C7F808
:10563000DC20D7E936120B46DB183B65134642EBFC
:1056400003037B65D7E91423D7E93801FBF7F4FAA4
:1056500002460B46614BA3FB02235B091C01D7F8F2
:10566000FC300022C7F8D030C7F8D420D7E93489FD
:1056700042464B469118B9645B41FB64D7E912235B
:10568000414612EB010A494643EB010B4FF0000281
:105690004FF000034FEACB0343EA5A734FEACA02C2
:1056A00092469B4643461AEB0303C7F8C8304B4665
:1056B0004BEB0303C7F8CC30D7F8F4305B6800221B
:1056C000C7F8C030C7F8C420D7E930120B46DB1842
:1056D0003B64134642EB03037B64D7E91023D7E90D
:1056E0003201FBF7A9FA02460B4611463B4BA3FBDE
:1056F00001235B09642202FB03F3CB1ADB0003F1F5
:105700003202364BA3FB02235B095B0003F4F87300
:105710001C44D7F8FC300022C7F8B830C7F8BC20CA
:10572000D7E92E8942464B469118B9635B41FB632A
:10573000D7E90E2341465118396349464B417B63F3
:105740004FF000024FF00003D7E90CAB5946CB00F5
:10575000514643EA51735146CA0010461946034662
:1057600042469B18C7F8B0304B460A4642EB03034B
:10577000C7F8B430D7F8F4305B680022C7F8A83017
:10578000C7F8AC20D7E92A120B46DB18BB621346D8
:1057900042EB0303FB62D7E90A23D7E92C01FBF7AD
:1057A0004BFA02460B460D4BA3FB02135B09642127
:1057B00001FB03F3D31ADB003233084AA2FB0323B5
:1057C0005B0903F00702D7F8F4301B6822449A60A3
:1057D00006E100BF00100140001401401F85EB519D
:1057E000D7F8FC300022C7F8A030C7F8A420D7E9CA
:1057F000288942464B46911839625B417B62D7E962
:10580000082341465418494643EB01054FF0000276
:105810004FF00003EB0043EA5473E20014461D46C8
:105820004346E318C7F898304B4645EB0303C7F8E7
:105830009C30D7F8F4305B680022C7F89030C7F886
:1058400094204FF000024FF00003D7E92445294689
:105850008B00214643EA917321468A00D7E926014D
:10586000FBF7EAF902460B46604BA3FB02235B09F8
:105870001C01D7F8FC300022C7F88830C7F88C200C
:10588000D7E9228942464B469118B9615B41FB61D9
:10589000D7E9062341465118396149464B417B619E
:1058A0004FF000024FF00003D7E904AB5946CB009C
:1058B000514643EA51735146CA0010461946034601
:1058C00042469B18C7F880304B460A4642EB03031A
:1058D000C7F88430D7F8F4305B680022BB67FA67FA
:1058E0004FF000024FF00003D7E91E8949468B00B4
:1058F000414643EA917341468A00D7E92001FBF70C
:105900009BF902460B461146384BA3FB01235B096A
:10591000642202FB03F3CB1A1B013233334AA2FB8E
:1059200003235B0903F0F0031C44D7F8FC3000228A
:105930003B677A67D7E91C8942464B469118B960A4
:105940005B41FB60D7E90223414651183960494663
:105950004B417B604FF000024FF00003D7E900ABF2
:105960005946CB00514643EA51735146CA0010468E
:105970001946034642469B18BB664B460A4642EB15
:105980000303FB66D7F8F4305B6800223B667A6657
:105990004FF000024FF00003D7E9188949468B0009
:1059A000414643EA917341468A00D7E91A01FBF761
:1059B00043F902460B460D4BA3FB02135B0964211E
:1059C00001FB03F3D31A1B013233084AA2FB032362
:1059D0005B0903F00F02D7F8F4301B6822449A6089
:1059E00000BF07F58077BD46BDE8B08F1F85EB513E
:1059F00080B483B000AF03463960FB7197F907307C
:105A0000002B0ADB3B68DAB20C4997F90730120128
:105A1000D2B20B4483F800230AE03B68DAB20849AB
:105A2000FB7903F00F03043B1201D2B20B441A7648
:105A300000BF0C37BD465DF8047B704700E100E015
:105A400000ED00E080B500AF054B1B6802F026F8C2
:105A50000346012B01D003F027F800BF80BD00BF33
:105A600010E000E080B500AF00216FF00400FFF708
:105A7000BFFF00BF80BD000080B483B000AFEFF374
:105A800005833B603B68002B03D06FF005037B6010
:105A90000CE00A4B1B68002B05D1084B01221A6051
:105AA00000237B6002E04FF0FF337B607B68184689
:105AB0000C37BD465DF8047B704700BF1C05002015
:105AC00080B582B000AF01F0E9FF0346002B04D09F
:105AD000022B05D102237B600CE003237B6009E0ED
:105AE000074B1B68012B02D101237B6001E00023DF
:105AF0007B6000BF7B6818460837BD4680BD00BF8D
:105B00001C05002080B582B000AFEFF305833B6039
:105B10003B68002B03D06FF005037B6010E00B4B5C
:105B20001B68012B09D1FFF79DFF084B02221A6069
:105B300001F050FB00237B6002E04FF0FF337B60FD
:105B40007B6818460837BD4680BD00BF1C05002095
:105B500080B58EB004AFF860B9607A6000233B6115
:105B6000EFF305837B617B69002B7ED1FB68002B03
:105B70007BD080233B621823FB6100237B624FF0C4
:105B8000FF33BB617B68002B45D07B681B68002B13
:105B900002D07B681B687B627B689B69002B02D00C
:105BA0007B689B69FB61FB69002B08D0FB69382B84
:105BB00005D87B685B6803F00103002B01D000234C
:105BC00054E07B685B69002B03D07B685B699B08B2
:105BD0003B627B689B68002B0ED07B68DB68A72B41
:105BE0000AD97B681B69002B06D07B685B69002B98
:105BF00002D00123BB6110E07B689B68002B0CD1B5
:105C00007B68DB68002B08D17B681B69002B04D103
:105C10000023BB6101E00023BB61BB69012B10D1F4
:105C20007B681B697A68926802920193FB69009312
:105C3000BB683A6A796AF86801F0D8F803463B61B4
:105C400013E0BB69002B10D13B6A9AB207F1100335
:105C50000193FB690093BB68796AF86801F026F943
:105C60000346012B01D000233B613B6918462837CE
:105C7000BD4680BD80B588B002AF786039607B6872
:105C80007B617B69002B02D03B68002B03DA6FF04D
:105C90000303FB6035E04FF0FF33FB60EFF3058358
:105CA0003B613B69002B1FD00023BB6007F1080359
:105CB0000093002301223968786902F09FF807F108
:105CC0000C030022009200220021786902F096F86D
:105CD000BB68002B15D00D4B4FF080521A60BFF3FC
:105CE0004F8FBFF36F8F0CE0002301223968786972
:105CF00001F0C2FF07F10C0300220021786901F0D6
:105D0000BBFFFB6818461837BD4680BD04ED00E0B8
:105D100080B58CB000AFF860B9607A60EFF30583AE
:105D20007B617B69002B03D06FF00503FB626BE0A6
:105D3000FB68002B03DA6FF00303FB6264E0BB68CF
:105D400003F00203002B02D00023BB6201E0FB68DA
:105D5000BB620023FB627B687B6201F057FB386209
:105D600007F110027B6AB96A002001F025FFF86193
:105D7000FB69012B37D1FA6AFB681340FB623B6970
:105D8000FA6A1343FB62BB6803F00103002B0CD0DB
:105D9000FA68FB6A1340FA689A4232D07B68002B9B
:105DA0000FD16FF00203FB622EE0FA68FB6A13402A
:105DB000002B28D17B68002B03D16FF00203FB621C
:105DC00022E001F023FB02463B6AD31ABB61BA69A9
:105DD0007B6A9A4202D900237B620EE07A6ABB6931
:105DE000D31A7B6209E07B68002B03D16FF00203BA
:105DF000FB6202E06FF00103FB62FB69002BAFD195
:105E000002E000BF00E000BFFB6A18463037BD4625
:105E100080BD80B584B000AF7860EFF30583BB60D0
:105E2000BB68002B03D06FF00503FB6007E0002385
:105E3000FB607B68002B02D0786801F095F9FB6865
:105E400018461037BD4680BD80B58AB002AFF860F5
:105E5000B9607A600023FB61EFF305833B613B6926
:105E6000002B5FD1FB68002B5CD0BB68002B59D0A6
:105E70004FF0FF33BB617B68002B29D07B689B68A8
:105E8000002B12D07B68DB684F2B0ED97B681B6917
:105E9000002B0AD07B685A69FB68B96801FB03F3E1
:105EA0009A4202D30123BB6114E07B689B68002BFC
:105EB00010D17B68DB68002B0CD17B681B69002B41
:105EC00008D17B685B69002B04D10023BB6101E032
:105ED0000023BB61BB69012B0BD17B681A697B680E
:105EE0009B6800210091B968F86800F031FAF86108
:105EF00008E0BB69002B05D10022B968F86800F002
:105F0000A4FAF861FB69002B0CD07B68002B03D04E
:105F10007B681B687B6101E000237B617969F8691C
:105F200000F006FFFB6918462037BD4680BD000023
:105F300080B588B000AFF860B9603B601346FB7174
:105F4000FB68BB610023FB61EFF305837B617B6929
:105F5000002B28D0BB69002B05D0BB68002B02D0DA
:105F60003B68002B03D06FF00303FB6138E0002394
:105F70003B6107F110020023B968B86900F0C6FB65
:105F80000346012B03D06FF00203FB6128E03B695D
:105F9000002B25D0154B4FF080521A60BFF34F8F66
:105FA000BFF36F8F1CE0BB69002B02D0BB68002BD6
:105FB00003D16FF00303FB6112E000233A68B96874
:105FC000B86900F0A1FA0346012B09D03B68002B09
:105FD00003D06FF00103FB6102E06FF00203FB618D
:105FE000FB6918462037BD4680BD00BF04ED00E0C8
:105FF00080B588B000AFF860B9607A603B60FB683C
:10600000BB610023FB61EFF305837B617B69002BA0
:1060100028D0BB69002B05D0BB68002B02D03B68A1
:10602000002B03D06FF00303FB6137E000233B61DB
:1060300007F110031A46B968B86900F0E7FC034697
:10604000012B03D06FF00203FB6127E03B69002BBB
:1060500024D0154B4FF080521A60BFF34F8FBFF31F
:106060006F8F1BE0BB69002B02D0BB68002B03D1F4
:106070006FF00303FB6111E03A68B968B86900F09A
:10608000E3FB0346012B09D03B68002B03D06FF0E4
:106090000103FB6102E06FF00203FB61FB6918463C
:1060A0002037BD4680BD00BF04ED00E080B485B060
:1060B00000AFF860B9607A60FB68074A1A60BB6895
:1060C000064A1A607B6880221A6000BF1437BD46FA
:1060D0005DF8047B704700BF20050020C805002044
:1060E00080B485B000AFF860B9607A60FB68074A99
:1060F0001A60BB68064A1A607B684FF480721A60A7
:1061000000BF1437BD465DF8047B7047C807002008
:106110007008002080B483B000AF78607B6803F122
:1061200008027B685A607B684FF0FF329A607B6898
:1061300003F108027B68DA607B6803F108027B6880
:106140001A617B6800221A6000BF0C37BD465DF8FB
:10615000047B704780B483B000AF78607B68002216
:106160001A6100BF0C37BD465DF8047B704780B4F0
:1061700085B000AF786039607B685B68FB603B6826
:10618000FA685A60FB689A683B689A60FB689B688B
:106190003A685A60FB683A689A603B687A681A61A4
:1061A0007B681B685A1C7B681A6000BF1437BD46A9
:1061B0005DF8047B704780B485B000AF78603960CB
:1061C0003B681B68BB60BB68B3F1FF3F03D17B68D2
:1061D0001B69FB600CE07B680833FB6002E0FB6836
:1061E0005B68FB60FB685B681B68BA689A42F6D222
:1061F000FB685A683B685A603B685B683A689A601B
:106200003B68FA689A60FB683A685A603B687A684B
:106210001A617B681B685A1C7B681A6000BF1437C0
:10622000BD465DF8047B704780B485B000AF7860F0
:106230007B681B69FB607B685B687A6892689A6020
:106240007B689B687A6852685A60FB685B687A680A
:106250009A4203D17B689A68FB685A607B68002287
:106260001A61FB681B685A1EFB681A60FB681B6892
:1062700018461437BD465DF8047B704780B584B07E
:1062800000AF786039607B68FB60FB68002B0BD146
:106290004FF0500383F31188BFF36F8FBFF34F8F1D
:1062A000BB6000BF00BFFDE702F06EFBFB681A6831
:1062B000FB68DB6BF968096C01FB03F31A44FB68AC
:1062C0009A60FB6800229A63FB681A68FB685A6050
:1062D000FB681A68FB68DB6B013BF968096C01FB22
:1062E00003F31A44FB68DA60FB68FF2283F844205A
:1062F000FB68FF2283F845203B68002B14D1FB6824
:106300001B69002B1AD0FB681033184601F000FA05
:106310000346002B12D00D4B4FF080521A60BFF392
:106320004F8FBFF36F8F09E0FB6810331846FFF7FC
:10633000F1FEFB6824331846FFF7ECFE02F056FB33
:10634000012318461037BD4680BD00BF04ED00E0B4
:1063500080B58EB002AFF860B9607A603B60FB68D0
:10636000002B0BD14FF0500383F31188BFF36F8FD5
:10637000BFF34F8FBB6200BF00BFFDE73B68002B40
:106380000BD14FF0500383F31188BFF36F8FBFF32E
:106390004F8F7B6200BF00BFFDE77B68002B02D000
:1063A000BB68002B01D0012300E00023002B0BD1A0
:1063B0004FF0500383F31188BFF36F8FBFF34F8FFC
:1063C0003B6200BF00BFFDE77B68002B02D1BB68CA
:1063D000002B01D1012300E00023002B0BD14FF053
:1063E000500383F31188BFF36F8FBFF34F8FFB61AF
:1063F00000BF00BFFDE750237B617B69502B0BD0B2
:106400004FF0500383F31188BFF36F8FBFF34F8FAB
:10641000BB6100BF00BFFDE77B693B68FB62FB6AB5
:10642000002B0DD0FB6A012283F8462097F8382014
:10643000FB6A009313467A68B968F86800F040F880
:10644000FB6A18463037BD4680BD80B58AB002AFC2
:10645000F860B9601346FB71FB68002B0BD14FF05D
:10646000500383F31188BFF36F8FBFF34F8F3B61EE
:1064700000BF00BFFDE7FB68BA6802FB03F3FB61E6
:10648000FB695033184602F0A1FBB861BB69002BD1
:1064900011D0BB697B617B6950337B61BB69002292
:1064A00083F84620FA79BB69009313467A69B96884
:1064B000F86800F005F8BB6918462037BD4680BD76
:1064C00080B584B000AFF860B9607A60FB70BB68DB
:1064D000002B03D1BB69BA691A6002E0BB697A6814
:1064E0001A60BB69FA68DA63BB69BA681A64012189
:1064F000B869FFF7C3FEBB69FA7883F84C2000BF88
:106500001037BD4680BD000080B58EB000AFF8608A
:10651000B9607A603B6000237B63FB683B633B6B45
:10652000002B0BD14FF0500383F31188BFF36F8F13
:10653000BFF34F8FBB6200BF00BFFDE7BB68002BFE
:1065400003D13B6B1B6C002B01D1012300E0002326
:10655000002B0BD14FF0500383F31188BFF36F8FE3
:10656000BFF34F8F7B6200BF00BFFDE73B68022B8C
:1065700003D13B6BDB6B012B01D1012300E0002336
:10658000002B0BD14FF0500383F31188BFF36F8FB3
:10659000BFF34F8F3B6200BF00BFFDE701F07EFA03
:1065A0000346002B02D17B68002B01D1012300E0C0
:1065B0000023002B0BD14FF0500383F31188BFF35E
:1065C0006F8FBFF34F8FFB6100BF00BFFDE702F08D
:1065D000DBF93B6B9A6B3B6BDB6B9A4202D33B68FC
:1065E000022B29D13A68B968386B00F091FAF86249
:1065F0003B6B5B6A002B10D03B6B2433184601F0D9
:1066000087F80346002B13D03F4B4FF080521A609F
:10661000BFF34F8FBFF36F8F0AE0FB6A002B07D0E9
:10662000394B4FF080521A60BFF34F8FBFF36F8F1B
:1066300002F0DCF9012363E07B68002B03D102F058
:10664000D5F900235CE07B6B002B06D107F1140326
:10665000184601F0C1F801237B6302F0C7F900F08E
:1066600029FE02F091F93B6B93F844305BB2B3F131
:10667000FF3F03D13B6B002283F844203B6B93F830
:1066800045305BB2B3F1FF3F03D13B6B002283F88F
:10669000452002F0ABF93A1D07F1140311461846E4
:1066A00001F0B0F80346002B24D1386B00F028FB32
:1066B0000346002B18D03B6B10337A6811461846FE
:1066C00000F0D4FF386B00F0B3FA00F001FE03468F
:1066D000002B7FF47CAF0C4B4FF080521A60BFF35D
:1066E0004F8FBFF36F8F72E7386B00F0A1FA00F0A5
:1066F000EFFD6CE7386B00F09BFA00F0E9FD00233A
:1067000018463837BD4680BD04ED00E080B590B036
:1067100000AFF860B9607A603B60FB68BB63BB6B3D
:10672000002B0BD14FF0500383F31188BFF36F8F11
:10673000BFF34F8FBB6200BF00BFFDE7BB68002BFC
:1067400003D1BB6B1B6C002B01D1012300E00023A4
:10675000002B0BD14FF0500383F31188BFF36F8FE1
:10676000BFF34F8F7B6200BF00BFFDE73B68022B8A
:1067700003D1BB6BDB6B012B01D1012300E00023B4
:10678000002B0BD14FF0500383F31188BFF36F8FB1
:10679000BFF34F8F3B6200BF00BFFDE702F0D4F9AB
:1067A000EFF311824FF0500383F31188BFF36F8F23
:1067B000BFF34F8FFA61BB61FB697B63BB6B9A6B65
:1067C000BB6BDB6B9A4202D33B68022B2FD1BB6BB6
:1067D00093F8453087F83330BB6B9B6BFB623A68AC
:1067E000B968B86B00F094F997F93330B3F1FF3F13
:1067F00012D1BB6B5B6A002B16D0BB6B24331846DF
:1068000000F086FF0346002B0ED07B68002B0BD0D8
:106810007B6801221A6007E097F833300133DBB25E
:106820005AB2BB6B83F845200123FB6301E00023D0
:10683000FB637B6B7B617B6983F3118800BFFB6B20
:1068400018464037BD4680BD80B58CB000AFF860BB
:10685000B9607A600023FB62FB68BB62BB6A002BF5
:106860000BD14FF0500383F31188BFF36F8FBFF349
:106870004F8F3B6200BF00BFFDE7BB68002B03D119
:10688000BB6A1B6C002B01D1012300E00023002B0D
:106890000BD14FF0500383F31188BFF36F8FBFF319
:1068A0004F8FFB6100BF00BFFDE701F0F7F8034623
:1068B000002B02D17B68002B01D1012300E00023D3
:1068C000002B0BD14FF0500383F31188BFF36F8F70
:1068D000BFF34F8FBB6100BF00BFFDE702F054F86C
:1068E000BB6A9B6B7B627B6A002B1FD0B968B86A5E
:1068F00000F078F97B6A5A1EBB6A9A63BB6A1B690F
:10690000002B0FD0BB6A1033184600F001FF03467E
:10691000002B07D03C4B4FF080521A60BFF34F8FD3
:10692000BFF36F8F02F062F8012369E07B68002BF0
:1069300003D102F05BF8002362E0FB6A002B06D172
:1069400007F11003184600F047FF0123FB6202F035
:106950004DF800F0AFFC02F017F8BB6A93F8443032
:106960005BB2B3F1FF3F03D1BB6A002283F844203E
:10697000BB6A93F845305BB2B3F1FF3F03D1BB6A0A
:10698000002283F8452002F031F83A1D07F1100388
:106990001146184600F036FF0346002B23D1B86A93
:1069A00000F098F90346002B17D0BB6A24337A68AD
:1069B0001146184600F05AFEB86A00F039F900F0A6
:1069C00087FC0346002B89D10F4B4FF080521A6091
:1069D000BFF34F8FBFF36F8F80E7B86A00F028F9DD
:1069E00000F076FC7AE7B86A00F022F900F070FC5B
:1069F000B86A00F06FF90346002B3FF46FAF002335
:106A000018463037BD4680BD04ED00E080B58EB03D
:106A100000AFF860B9607A60FB683B633B6B002BAA
:106A20000BD14FF0500383F31188BFF36F8FBFF387
:106A30004F8F3B6200BF00BFFDE7BB68002B03D157
:106A40003B6B1B6C002B01D1012300E00023002BCA
:106A50000BD14FF0500383F31188BFF36F8FBFF357
:106A60004F8FFB6100BF00BFFDE702F06DF8EFF351
:106A700011824FF0500383F31188BFF36F8FBFF380
:106A80004F8FBA617B61BB69FB623B6B9B6BBB62E7
:106A9000BB6A002B2FD03B6B93F8443087F827302C
:106AA000B968386B00F09EF8BB6A5A1E3B6B9A635C
:106AB00097F92730B3F1FF3F12D13B6B1B69002BD5
:106AC00016D03B6B1033184600F022FE0346002B15
:106AD0000ED07B68002B0BD07B6801221A6007E088
:106AE00097F827300133DBB25AB23B6B83F844206E
:106AF00001237B6301E000237B63FB6A3B613B690D
:106B000083F3118800BF7B6B18463837BD4680BDC4
:106B100080B586B000AFF860B9607A6000237B6111
:106B2000FB689B6B3B61FB681B6C002B0DD1FB680A
:106B30001B68002B4DD1FB689B68184600F0CCFF0A
:106B40007861FB6800229A6043E07B68002B19D1D2
:106B5000FB685868FB681B6C1A46B96804F0B0FA09
:106B6000FB685A68FB681B6C1A44FB685A60FB6838
:106B70005A68FB689B689A422BD3FB681A68FB68CB
:106B80005A6026E0FB68D868FB681B6C1A46B96837
:106B900004F096FAFB68DA68FB681B6C5B421A44E7
:106BA000FB68DA60FB68DA68FB681B689A4207D208
:106BB000FB689A68FB681B6C5B421A44FB68DA60EE
:106BC0007B68022B05D13B69002B02D03B69013B5E
:106BD0003B613B695A1CFB689A637B69184618370E
:106BE000BD4680BD80B582B000AF786039607B68FB
:106BF0001B6C002B18D07B68DA687B681B6C1A440E
:106C00007B68DA607B68DA687B689B689A4203D3AA
:106C10007B681A687B68DA607B68D9687B681B6C64
:106C20001A46386804F04CFA00BF0837BD4680BDEC
:106C300080B584B000AF786001F0A6FE7B6893F861
:106C40004530FB7311E07B685B6A002B12D07B68D8
:106C50002433184600F05CFD0346002B01D000F001
:106C600035FEFB7B013BDBB2FB7397F90F30002B4A
:106C7000E9DC00E000BF7B68FF2283F8452001F0DB
:106C8000B5FE01F081FE7B6893F84430BB7311E0E0
:106C90007B681B69002B12D07B681033184600F00C
:106CA00037FD0346002B01D000F010FEBB7B013BFB
:106CB000DBB2BB7397F90E30002BE9DC00E000BFBC
:106CC0007B68FF2283F8442001F090FE00BF10375C
:106CD000BD4680BD80B584B000AF786001F054FE41
:106CE0007B689B6B002B02D10123FB6001E000233A
:106CF000FB6001F07BFEFB6818461037BD4680BD87
:106D000080B584B000AF786001F03EFE7B689A6B7E
:106D10007B68DB6B9A4202D10123FB6001E0002318
:106D2000FB6001F063FEFB6818461037BD4680BD6E
:106D300080B485B000AF786039600023FB6014E058
:106D40000F4AFB6852F83330002B0BD10C49FB681B
:106D50003A6841F833200A4AFB68DB0013447A683A
:106D60005A6006E0FB680133FB60FB68072BE7D93C
:106D700000BF00BF1437BD465DF8047B704700BFFD
:106D8000700C002080B586B000AFF860B9607A6002
:106D9000FB687B6101F0F8FD7B6993F844305BB2DE
:106DA000B3F1FF3F03D17B69002283F844207B6964
:106DB00093F845305BB2B3F1FF3F03D17B6900220A
:106DC00083F8452001F012FE7B699B6B002B06D1F6
:106DD0007B6924337A68B968184600F06DFC7869DD
:106DE000FFF726FF00BF1837BD4680BD80B58EB0C7
:106DF00004AFF860B9607A603B607B6B002B0BD10D
:106E00004FF0500383F31188BFF36F8FBFF34F8FA1
:106E10003B6200BF00BFFDE7BB6B002B0BD14FF007
:106E2000500383F31188BFF36F8FBFF34F8FFB6164
:106E300000BF00BFFDE7A8233B613B69A82B0BD037
:106E40004FF0500383F31188BFF36F8FBFF34F8F61
:106E5000BB6100BF00BFFDE73B69BB6B002B1ED0D1
:106E60007B6B002B1BD0BB6B7B627B6A7A6B1A63DC
:106E70007B6A022283F8A520002303937B6A029396
:106E800007F1140301933B6B00933B687A68B96880
:106E9000F86800F051F8786A00F0F6F801E0002395
:106EA0007B617B6918462837BD4680BD80B58CB0B4
:106EB00004AFF860B9603B601346FB80FB889B0021
:106EC000184601F083FE78617B69002B0ED0A82064
:106ED00001F07CFEF861FB69002B03D0FB697A6945
:106EE0001A6305E0786901F03FFF01E00023FB61D0
:106EF000FB69002B17D0FB69002283F8A520FA88D4
:106F000000230393FB690293FB6A0193BB6A00931E
:106F10003B68B968F86800F00FF8F86900F0B4F859
:106F20000123BB6102E04FF0FF33BB61BB69184630
:106F30002037BD4680BD000080B588B000AFF86046
:106F4000B9607A603B603B6B186B7B689B001A46AC
:106F5000A52104F00FF83B6B1A6B7B6803F18043AB
:106F6000013B9B001344BB61BB6923F00703BB617A
:106F7000BB6903F00703002B0BD04FF0500383F3E2
:106F80001188BFF36F8FBFF34F8F7B6100BF00BFCE
:106F9000FDE7BB68002B1FD00023FB6112E0BA683D
:106FA000FB69134419783A6BFB69134434330A467E
:106FB0001A70BA68FB6913441B78002B06D0FB6972
:106FC0000133FB61FB690F2BE9D900E000BF3B6B8C
:106FD000002283F8432003E03B6B002283F8342037
:106FE000BB6A372B01D93723BB623B6BBA6ADA62C3
:106FF0003B6BBA6ADA643B6B00221A653B6B043365
:107000001846FFF7A7F83B6B18331846FFF7A2F8AE
:107010003B6B3A6B1A61BB6AC3F138023B6B9A61F6
:107020003B6B3A6B5A623B6B0022C3F8A0203B6B70
:10703000002283F8A4203B6B54334C2200211846D5
:1070400003F098FF3B6B0D4A9A653B6B0C4ADA657F
:107050003B6B0C4A1A663A68F968B86901F062FB42
:1070600002463B6B1A60FB6A002B02D0FB6A3A6B4C
:107070001A6000BF2037BD4680BD00BF44570020C6
:10708000AC5700201458002080B582B000AF786063
:1070900001F07AFC2D4B1B6801332C4A13602C4BFA
:1070A0001B68002B09D12A4A7B681360274B1B6899
:1070B000012B10D100F02EFC0DE0264B1B68002B9D
:1070C00009D1234B1B68DA6A7B68DB6A9A4202D8D3
:1070D0001F4A7B681360204B1B6801331E4A1360F4
:1070E0001D4B1A687B685A647B68DA6A1B4B1B6805
:1070F0009A4203D97B68DB6A184A13607B68DA6AB4
:1071000013469B0013449B00154A1A447B680433C2
:1071100019461046FFF72BF801F068FC0D4B1B6871
:10712000002B0ED00A4B1B68DA6A7B68DB6A9A4236
:1071300007D20C4B4FF080521A60BFF34F8FBFF352
:107140006F8F00BF0837BD4680BD00BF841100208F
:10715000B00C002090110020A01100208C11002004
:10716000B40C002004ED00E080B584B000AF78607E
:107170000023FB607B68002B18D0144B1B68002B8E
:107180000BD04FF0500383F31188BFF36F8FBFF321
:107190004F8FBB6000BF00BFFDE700F08BF8002100
:1071A000786800F011FF00F093F8F860FB68002B9E
:1071B00007D1074B4FF080521A60BFF34F8FBFF3D8
:1071C0006F8F00BF1037BD4680BD00BFAC110020DF
:1071D00004ED00E080B58AB004AF0023BB6000235B
:1071E0007B603A46391D07F108031846FEF75EFF3B
:1071F00039687B68BA6802920193002300930023E8
:107200000A4624492448FFF7F1FD0346234A136048
:10721000224B1B68002B02D001237B6101E000237D
:107220007B617B69012B02D100F022FF78617B69D1
:10723000012B1BD14FF0500383F31188BFF36F8FE5
:10724000BFF34F8F3B6100BF154B1B685433154A8A
:107250001360154B4FF0FF321A60144B01221A6075
:10726000134B00221A6001F0EBFA0FE07B69B3F1D7
:10727000FF3F0BD14FF0500383F31188BFF36F8FA3
:10728000BFF34F8FFB6000BF00BFFDE700BF1837A3
:10729000BD4680BDD8CE0008E5780008A8110020C2
:1072A000B00C00208C010020A411002090110020BF
:1072B0008811002080B400AF044B1B680133034ADF
:1072C000136000BFBD465DF8047B7047AC11002021
:1072D00080B584B000AF0023FB600023BB60424B4D
:1072E0001B68002B0BD14FF0500383F31188BFF3C1
:1072F0006F8FBFF34F8F3B6000BF00BFFDE701F012
:1073000043FB394B1B68013B374A1360364B1B6804
:10731000002B62D1354B1B68002B5ED02FE0344B25
:10732000DB68DB68FB60FB6818331846FEF77CFF00
:10733000FB6804331846FEF777FFFB68DA6A2D4BCB
:107340001B689A4203D9FB68DB6A2A4A1360FB6810
:10735000DA6A13469B0013449B00274A1A44FB68D1
:10736000043319461046FEF702FFFB68DA6A234B26
:107370001B68DB6A9A4202D3214B01221A601C4B24
:107380001B68002BCBD1FB68002B01D000F066FB03
:107390001C4B1B687B607B68002B10D000F046F80C
:1073A0000346002B02D0164B01221A607B68013B7A
:1073B0007B607B68002BF1D1124B00221A60104BCE
:1073C0001B68002B09D00123BB600F4B4FF080528C
:1073D0001A60BFF34F8FBFF36F8F01F007FBBB68DD
:1073E00018461037BD4680BDAC1100208411002026
:1073F000441100208C110020B40C0020B00C00209F
:10740000981100209411002004ED00E080B483B0B6
:1074100000AF054B1B687B607B6818460C37BD4688
:107420005DF8047B704700BF8811002080B586B0EE
:1074300000AF00237B614F4B1B68002B40F0908016
:107440004D4B1B6801333B614B4A3B6913603B6901
:10745000002B21D1494B1B681B68002B0BD04FF030
:10746000500383F31188BFF36F8FBFF34F8F3B60DF
:1074700000BF00BFFDE7414B1B68FB60404B1B6832
:107480003E4A13603E4AFB6813603E4B1B68013363
:107490003C4A136000F0E2FA3B4B1B683A699A429F
:1074A00049D3364B1B681B68002B04D1364B4FF079
:1074B000FF321A603FE0314B1B68DB68DB68BB6062
:1074C000BB685B687B603A697B689A4203D22E4A4C
:1074D0007B6813602FE0BB6804331846FEF7A4FEF8
:1074E000BB689B6A002B04D0BB6818331846FEF7B4
:1074F0009BFEBB68DA6A254B1B689A4203D9BB68BE
:10750000DB6A224A1360BB68DA6A13469B001344A5
:107510009B001F4A1A44BB68043319461046FEF705
:1075200026FEBB68DA6A1B4B1B68DB6A9A42B8D33B
:1075300001237B61B5E7174B1B68DA6A14491346D0
:107540009B0013449B000B441B68012B01D90123B2
:107550007B61114B1B68002B07D001237B6104E08A
:107560000E4B1B6801330D4A13607B6918461837B0
:10757000BD4680BDAC110020881100203C110020C8
:10758000401100209C110020A41100208C1100202B
:10759000B40C0020B00C00209811002094110020A1
:1075A00080B485B000AF2B4B1B68002B03D02A4B57
:1075B00001221A6047E0284B00221A60274B1B6803
:1075C000FB6011E0FB68002B0BD14FF0500383F3FD
:1075D0001188BFF36F8FBFF34F8F7B6000BF00BF79
:1075E000FDE7FB68013BFB601D49FA6813469B0001
:1075F00013449B000B441B68002BE3D0FA6813462E
:107600009B0013449B00164A1344BB60BB685B6835
:107610005A68BB685A60BB685A68BB6808339A42AC
:1076200004D1BB685B685A68BB685A60BB685B681A
:10763000DB680C4A1360094AFB681360094B1B683E
:107640005433094A136000BF1437BD465DF8047B0C
:10765000704700BFAC110020981100208C11002051
:10766000B40C0020B00C00208C01002080B584B048
:1076700000AF786039607B68002B0BD14FF050036E
:1076800083F31188BFF36F8FBFF34F8FFB6000BF91
:1076900000BFFDE7074B1B68183319467868FEF7F3
:1076A0008AFD0121386800F08FFC00BF1037BD460D
:1076B00080BD00BFB00C002080B586B000AFF86080
:1076C000B9607A60FB68002B0BD14FF0500383F355
:1076D0001188BFF36F8FBFF34F8F7B6100BF00BF77
:1076E000FDE70A4B1B6818331946F868FEF73FFDA3
:1076F0007B68002B02D04FF0FF33BB607968B8681D
:1077000000F062FC00BF1837BD4680BDB00C002001
:1077100080B586B000AF78607B68DB68DB683B6172
:107720003B69002B0BD14FF0500383F31188BFF35B
:107730006F8FBFF34F8FFB6000BF00BFFDE73B695A
:1077400018331846FEF770FD1D4B1B68002B1DD12A
:107750003B6904331846FEF767FD3B69DA6A194B4B
:107760001B689A4203D93B69DB6A164A13603B697E
:10777000DA6A13469B0013449B00134A1A443B6980
:10778000043319461046FEF7F2FC05E03B69183356
:1077900019460E48FEF7EBFC3B69DA6A0C4B1B6896
:1077A000DB6A9A4205D901237B610A4B01221A60E8
:1077B00001E000237B617B6918461837BD4680BD18
:1077C000AC1100208C110020B40C002044110020CA
:1077D000B00C00209811002080B483B000AF786016
:1077E000064B1A687B681A60054B1A687B685A60FA
:1077F00000BF0C37BD465DF8047B70479C1100202C
:107800008811002080B588B000AF786039607B684F
:10781000002B0BD14FF0500383F31188BFF36F8F10
:10782000BFF34F8F3B6100BF00BFFDE73B68002BFC
:107830000BD14FF0500383F31188BFF36F8FBFF369
:107840004F8FFB6000BF00BFFDE701F09DF81D4BAF
:107850001B68BB617B685B68BA69D31A7B613B6854
:107860001B68B3F1FF3F02D10023FB6123E07B687B
:107870001A68154B1B689A4207D07B685B68BA6927
:107880009A4202D30123FB6115E03B681B687A69C9
:107890009A420BD23B681A687B69D21A3B681A601D
:1078A0007868FFF799FF0023FB6104E03B68002242
:1078B0001A600123FB6101F099F8FB691846203733
:1078C000BD4680BD881100209C11002080B400AF0F
:1078D000034B01221A6000BFBD465DF8047B704770
:1078E0009811002080B582B000AF786000F052F8A7
:1078F000064B1B68012BF9D9054B4FF080521A60DB
:10790000BFF34F8FBFF36F8FF0E700BFB40C0020C1
:1079100004ED00E080B582B000AF00237B600CE096
:107920007A6813469B0013449B00124A134418467E
:10793000FEF7F0FB7B6801337B607B68372BEFD968
:107940000D48FEF7E7FB0D48FEF7E4FB0C48FEF799
:10795000E1FB0C48FEF7DEFB0B48FEF7DBFB0B4BB5
:10796000054A1A600A4B054A1A6000BF0837BD462F
:1079700080BD00BFB40C002014110020281100208D
:107980004411002058110020701100203C110020EB
:107990004011002080B582B000AF19E000F0F4FF84
:1079A000104BDB68DB687B607B6804331846FEF7AE
:1079B0003BFC0D4B1B68013B0B4A13600B4B1B68D8
:1079C000013B0A4A136001F011F8786800F010F8E2
:1079D000064B1B68002BE1D100BF00BF0837BD4636
:1079E00080BD00BF58110020841100206C110020C0
:1079F00080B584B000AF78607B685433184603F0DC
:107A000001FB7B6893F8A530002B08D17B681B6BCA
:107A1000184601F0A9F9786801F0A6F919E07B6829
:107A200093F8A530012B03D1786801F09DF910E09F
:107A30007B6893F8A530022B0BD04FF0500383F3F3
:107A40001188BFF36F8FBFF34F8FFB6000BF00BF84
:107A5000FDE700BF1037BD4680BD000080B483B095
:107A600000AF0C4B1B681B68002B04D10A4B4FF076
:107A7000FF321A6008E0074B1B68DB68DB687B603D
:107A80007B685B68044A136000BF0C37BD465DF835
:107A9000047B70473C110020A411002080B483B007
:107AA00000AF0B4B1B68002B02D101237B6008E069
:107AB000084B1B68002B02D102237B6001E00023EE
:107AC0007B607B6818460C37BD465DF8047B7047C9
:107AD00090110020AC11002080B586B000AF786016
:107AE0007B683B6100237B617B68002B58D02F4B68
:107AF0001B683A699A420BD04FF0500383F3118808
:107B0000BFF36F8FBFF34F8FFB6000BF00BFFDE778
:107B10003B691B6D002B0BD14FF0500383F3118891
:107B2000BFF36F8FBFF34F8FBB6000BF00BFFDE798
:107B30003B691B6D5A1E3B691A653B69DA6A3B69F2
:107B4000DB6C9A422CD03B691B6D002B28D13B6922
:107B500004331846FEF768FB3B69DA6C3B69DA626E
:107B60003B69DB6AC3F138023B699A613B69DA6AB7
:107B70000F4B1B689A4203D93B69DB6A0C4A1360BE
:107B80003B69DA6A13469B0013449B00094A1A4476
:107B90003B69043319461046FEF7E9FA01237B617D
:107BA0007B6918461837BD4680BD00BFB00C002069
:107BB0008C110020B40C002080B586B000AFF860B6
:107BC000B9607A603B6000F0DFFE294B1B6893F8D8
:107BD000A430DBB2022B1CD0254B1B68D3F8A010BD
:107BE000FA68D2430A40C3F8A020214B1B68012247
:107BF00083F8A4203B68002B0BD00121386800F0EB
:107C0000E3F91C4B4FF080521A60BFF34F8FBFF364
:107C10006F8F00F0EBFE00F0B7FE7B68002B05D005
:107C2000134B1B68D3F8A0207B681A60104B1B68AD
:107C300093F8A430DBB2022B02D000237B610AE070
:107C40000B4B1B68D3F8A010BA68D2430A40C3F8A4
:107C5000A02001237B61064B1B68002283F8A4202F
:107C600000F0C4FE7B6918461837BD4680BD00BFD2
:107C7000B00C002004ED00E080B58AB000AFF860E1
:107C8000B9603B601346FB7101237B62FB68002BEC
:107C90000BD14FF0500383F31188BFF36F8FBFF305
:107CA0004F8FBB6100BF00BFFDE7FB683B6200F088
:107CB0006BFE3B68002B04D03B6AD3F8A0203B68E6
:107CC0001A603B6A93F8A430FB773B6A022283F880
:107CD000A420FB79042B2ED801A252F823F000BF78
:107CE0005B7D0008F57C0008077D0008177D000813
:107CF000217D00083B6AD3F8A020BB681A433B6A89
:107D0000C3F8A0202CE03B6AD3F8A0305A1C3B6A91
:107D1000C3F8A02024E03B6ABA68C3F8A0201FE0A3
:107D2000FB7F022B04D03B6ABA68C3F8A02017E09F
:107D300000237B6214E03B6AD3F8A030B3F1FF3F2D
:107D40000DD04FF0500383F31188BFF36F8FBFF353
:107D50004F8F7B6100BF00BFFDE700BF00E000BFA9
:107D6000FB7F012B3BD13B6A04331846FEF75CFADC
:107D70003B6ADA6A1D4B1B689A4203D93B6ADB6A8D
:107D80001A4A13603B6ADA6A13469B0013449B004D
:107D9000174A1A443B6A043319461046FEF7E7F9BE
:107DA0003B6A9B6A002B0BD04FF0500383F3118882
:107DB000BFF36F8FBFF34F8F3B6100BF00BFFDE785
:107DC0003B6ADA6A0B4B1B68DB6A9A4207D90A4B9B
:107DD0004FF080521A60BFF34F8FBFF36F8F00F0E8
:107DE00005FE7B6A18462837BD4680BD8C110020F1
:107DF000B40C0020B00C002004ED00E080B58EB083
:107E000000AFF860B9603B601346FB7101237B63F0
:107E1000FB68002B0BD14FF0500383F31188BFF3A5
:107E20006F8FBFF34F8F7B6200BF00BFFDE700F095
:107E30008BFEFB683B63EFF311824FF0500383F33B
:107E40001188BFF36F8FBFF34F8F3A62FB613B6ABC
:107E5000FB623B68002B04D03B6BD3F8A0203B684F
:107E60001A603B6B93F8A43087F82B303B6B0222EF
:107E700083F8A420FB79042B2ED801A252F823F01A
:107E8000FD7E0008957E0008A77E0008B77E0008EA
:107E9000C17E00083B6BD3F8A020BB681A433B6B44
:107EA000C3F8A0202DE03B6BD3F8A0305A1C3B6BED
:107EB000C3F8A02025E03B6BBA68C3F8A02020E0FF
:107EC00097F82B30022B04D03B6BBA68C3F8A02084
:107ED00017E000237B6314E03B6BD3F8A030B3F1D1
:107EE000FF3F0DD04FF0500383F31188BFF36F8F26
:107EF000BFF34F8FBB6100BF00BFFDE700BF00E0D5
:107F000000BF97F82B30012B47D13B6B9B6A002BAE
:107F10000BD04FF0500383F31188BFF36F8FBFF383
:107F20004F8F7B6100BF00BFFDE7214B1B68002B1B
:107F30001DD13B6B04331846FEF776F93B6BDA6ACA
:107F40001C4B1B689A4203D93B6BDB6A194A1360CE
:107F50003B6BDA6A13469B0013449B00164A1A4493
:107F60003B6B043319461046FEF701F905E03B6B05
:107F7000183319461148FEF7FAF83B6BDA6A104BD2
:107F80001B68DB6A9A4208D93B6C002B02D03B6C21
:107F900001221A600B4B01221A60FB6A3B613B69AC
:107FA00083F3118800BF7B6B18463837BD4680BD10
:107FB000AC1100208C110020B40C002044110020D2
:107FC000B00C00209811002080B584B000AF78601C
:107FD0003960214B1B68FB60204B1B68043318463B
:107FE000FEF722F97B68B3F1FF3F0AD13B68002B13
:107FF00007D01A4B1B68043319461948FEF7B7F827
:1080000026E0FA687B681344BB60144B1B68BA68AF
:108010005A60BA68FB689A4209D2124B1A680F4B31
:108020001B68043319461046FEF7C5F810E00E4BE6
:108030001A680A4B1B68043319461046FEF7BBF852
:108040000A4B1B68BA689A4202D2084ABB6813609E
:1080500000BF1037BD4680BD88110020B00C002045
:1080600070110020401100203C110020A4110020BC
:1080700080B58AB004AF00237B6100F013FB1D4B79
:108080001B68002B21D00023FB600023BB603A1D3E
:1080900007F1080107F10C031846FEF721F879688B
:1080A000BB68FA68029201930223009300230A46F8
:1080B00011491248FEF79AFE0346114A1360104B0D
:1080C0001B68002B01D001237B617B69002B0BD146
:1080D0004FF0500383F31188BFF36F8FBFF34F8FBF
:1080E0003B6100BF00BFFDE77B6918461837BD46FE
:1080F00080BD00BFE0110020E0CE00083D820008F6
:10810000E411002080B58AB000AFF860B9607A60F1
:108110003B6000237B62FB68002B0BD14FF05003C8
:1081200083F31188BFF36F8FBFF34F8F3B6200BFA4
:1081300000BFFDE7194B1B68002B2AD0BB683B61D1
:108140007B687B61FB68BB61BB68052B18DCFFF7B4
:10815000A5FC0346022B09D1104B186807F110014A
:1081600000233A6BFEF7D0F9786212E00B4B1868E7
:1081700007F1100100230022FEF7C6F9786208E03B
:10818000064B186807F1100100233A68FEF7BEFAA3
:1081900078627B6A18462837BD4680BDE011002012
:1081A00080B588B002AF78603960234B1B68DB680C
:1081B000DB687B617B6904331846FEF735F87B6921
:1081C00093F8283003F00403002B23D07B699A69CD
:1081D0007B68D1187B683A68786900F0D5F8034667
:1081E000002B20D00023009300237A6800217869B7
:1081F000FFF788FF38613B69002B14D14FF0500323
:1082000083F31188BFF36F8FBFF34F8FFB6000BF05
:1082100000BFFDE77B6993F8283023F00103DAB251
:108220007B6983F828207B691B6A7869984700BFBF
:108230001837BD4680BD00BFD811002080B584B07E
:1082400000AF786007F10803184600F059F8F860AD
:10825000BB681946F86800F005F800F0D7F800BFD1
:10826000F0E7000080B584B000AF78603960FFF7B8
:1082700021F807F10803184600F066F8F860BB68BB
:10828000002B30D13B68002B0AD17A68FB689A42F8
:1082900006D8FFF71DF8F9687868FFF781FF24E03A
:1082A0003B68002B08D0134B1B681B68002B01D1C7
:1082B000012300E000233B600F4B18687A68FB68DD
:1082C000D31A3A681946FEF75DFDFFF701F8034639
:1082D000002B0AD1094B4FF080521A60BFF34F8F29
:1082E000BFF36F8F01E0FEF7F3FF00BF1037BD460D
:1082F00080BD00BFDC110020E011002004ED00E093
:1083000080B485B000AF78600E4B1B681B68002BF3
:1083100001D1012200E000227B681A607B681B68A3
:10832000002B05D1074B1B68DB681B68FB6001E075
:108330000023FB60FB6818461437BD465DF8047BDC
:10834000704700BFD811002080B584B000AF7860BE
:10835000FFF75CF8F8600B4B1B68FA689A4205D28D
:1083600000F03AF97B6801221A6002E07B68002283
:108370001A60044AFB681360FB6818461037BD4654
:1083800080BD00BFE811002080B586B000AFF86066
:10839000B9607A603B6000237B61FB68BA685A6011
:1083A000FB68FA681A61BA687B689A4212D87A68E0
:1083B0003B68D21AFB689B699A4202D301237B6116
:1083C0001BE0104B1A68FB68043319461046FDF792
:1083D000F2FE12E07A683B689A4206D2BA683B68BD
:1083E0009A4202D301237B6107E0074B1A68FB68BE
:1083F000043319461046FDF7DEFE7B691846183730
:10840000BD4680BDDC110020D811002080B58EB0A3
:1084100002AFCEE07B68002B19DA3B1D0433FB6210
:10842000FB6A002B0BD14FF0500383F31188BFF38D
:108430006F8FBFF34F8FFB6100BF00BFFDE7FB6A8B
:108440001B68FA6A5068FA6A9268114698477B6816
:10845000002BC0F2AE80FB68BB62BB6A5B69002B7D
:1084600004D0BB6A04331846FDF7DEFE3B461846CF
:10847000FFF76AFF78627B68092B00F2978001A200
:1084800052F823F0AD840008AD840008AD840008E4
:10849000238500083785000883850008AD8400081F
:1084A000AD8400082385000837850008BB6A93F86F
:1084B000283043F00103DAB2BB6A83F82820BA6897
:1084C000BB6A9B69D118BB687A6AB86AFFF75CFF20
:1084D0000346002B6CD0BB6A1B6AB86A9847BB6A1C
:1084E00093F8283003F00403002B61D0BA68BB6A0C
:1084F0009B691A440023009300230021B86AFFF708
:1085000001FE38623B6A002B52D14FF0500383F3D7
:108510001188BFF36F8FBFF34F8FBB6100BF00BFE8
:10852000FDE7BB6A93F8283023F00103DAB2BB6A97
:1085300083F828203DE0BB6A93F8283043F001031C
:10854000DAB2BB6A83F82820BA68BB6A9A61BB6A50
:108550009B69002B0BD14FF0500383F31188BFF3BD
:108560006F8FBFF34F8F7B6100BF00BFFDE7BB6A1A
:108570009A697B6AD1187B6A7A6AB86AFFF704FF46
:1085800017E0BB6A93F8283003F00203002B03D1F5
:10859000B86A00F0E9FB0CE0BB6A93F8283023F0DE
:1085A0000103DAB2BB6A83F8282002E000BF00E0D2
:1085B00000BF084B1B68391D00221846FEF744F91E
:1085C0000346002B7FF426AF00BF00BF3037BD4607
:1085D00080BD00BFE011002080B588B002AF49E047
:1085E0002E4B1B68DB681B683B612C4B1B68DB68F0
:1085F000DB68FB60FB6804331846FDF715FEFB687B
:108600001B6AF8689847FB6893F8283003F0040366
:10861000002B2FD0FB689B693A691344BB60BA6892
:108620003B699A420ED9FB68BA685A60FB68FA68DF
:108630001A611A4B1A68FB68043319461046FDF795
:10864000BAFD17E00023009300233A690021F8687F
:10865000FFF758FD78607B68002B0BD14FF050037B
:1086600083F31188BFF36F8FBFF34F8F3B6000BF61
:1086700000BFFDE7094B1B681B68002BB0D1074BFF
:108680001B687B61064B1B68044A1360044A7B69C4
:10869000136000BF1837BD4680BD00BFD811002051
:1086A000DC11002080B582B002AF00F06DF9154BEF
:1086B0001B68002B20D11448FDF72CFD1348FDF753
:1086C00029FD134B104A1A60124B104A1A600023FE
:1086D0000093114B114A10210A20FDF739FE034681
:1086E000084A1360074B1B68002B05D0054B1B681D
:1086F0000B491846FEF71CFB00F078F900BFBD4699
:1087000080BD00BFE0110020B0110020C411002086
:10871000D8110020DC1100208C120020EC11002068
:10872000E8CE000880B485B000AFF860B9607A6028
:10873000FB68043BFB60FB684FF080721A60FB68CB
:10874000043BFB60BB6823F00102FB681A60FB6816
:10875000043BFB600C4AFB681A60FB68143BFB603F
:108760007A68FB681A60FB68043BFB60FB686FF08B
:1087700002021A60FB68203BFB60FB681846143756
:10878000BD465DF8047B70478D87000880B485B0D6
:1087900000AF00237B60134B1B68B3F1FF3F0BD08E
:1087A0004FF0500383F31188BFF36F8FBFF34F8FE8
:1087B000FB6000BF00BFFDE74FF0500383F311885B
:1087C000BFF36F8FBFF34F8FBB6000BF00BF7B68ED
:1087D000002BFCD000BF00BF1437BD465DF8047B02
:1087E000704700BF0C0000200000000000000000E7
:1087F000074B19680868B0E8F04F80F30988BFF3A9
:108800006F8F4FF0000080F311887047AFF3008046
:10881000B00C002000BF00BF08480068006880F36B
:1088200008884FF0000080F3148862B661B6BFF389
:108830004F8FBFF36F8F00DF00BF00BF08ED00E078
:1088400080B586B000AF474B1B68474A93420BD1B7
:108850004FF0500383F31188BFF36F8FBFF34F8F37
:10886000FB6000BF00BFFDE73E4B1B683F4A9342E1
:108870000BD14FF0500383F31188BFF36F8FBFF319
:108880004F8F3B6100BF00BFFDE7394B7B617B69C8
:108890001B78DBB27B607B69FF221A707B691B78D7
:1088A000DBB2FB70FB78DBB203F05003DAB2314B82
:1088B0001A70314B07221A6009E02F4B1B68013BED
:1088C0002D4A1360FB78DBB25B00DBB2FB70FB78F8
:1088D000DBB203F08003802BEFD0274B1B68C3F182
:1088E0000703042B0BD04FF0500383F31188BFF321
:1088F0006F8FBFF34F8FBB6000BF00BFFDE71E4B04
:108900001B681B021C4A13601B4B1B6803F4E063CB
:10891000194A13607B68DAB27B691A70174B1B68BF
:10892000164A43F470031360144B1B68134A43F058
:108930007043136000F0DAF8114B00221A6000F067
:10894000F9F8104B1B680F4A43F040431360FFF7E0
:1089500063FFFEF725FEFFF719FF002318461837BF
:10896000BD4680BD00ED00E071C20F4170C20F41F5
:1089700000E400E0DC120020E012002020ED00E026
:108980000C00002034EF00E080B483B000AF4FF063
:10899000500383F31188BFF36F8FBFF34F8F7B605A
:1089A00000BF104B1B6801330E4A13600D4B1B6850
:1089B000012B10D10C4B1B68DBB2002B0BD04FF0FE
:1089C000500383F31188BFF36F8FBFF34F8F3B606A
:1089D00000BF00BFFDE700BF0C37BD465DF8047B5C
:1089E000704700BF0C00002004ED00E080B483B0AD
:1089F00000AF124B1B68002B0BD14FF0500383F3D9
:108A00001188BFF36F8FBFF34F8F7B6000BF00BF34
:108A1000FDE70A4B1B68013B084A1360074B1B68C4
:108A2000002B05D100233B603B6883F3118800BF16
:108A300000BF0C37BD465DF8047B70470C0000207A
:108A4000EFF30980BFF36F8F154B1A681EF0100FFC
:108A500008BF20ED108A20E9F04F10602DE90900D1
:108A60004FF0500080F31188BFF34F8FBFF36F8F2B
:108A7000FEF796FD4FF0000080F3118809BC1968DD
:108A80000868B0E8F04F1EF0100F08BFB0EC108A75
:108A900080F30988BFF36F8F704700BFAFF300808A
:108AA000B00C002000BF00BF80B582B000AF4FF017
:108AB000500383F31188BFF36F8FBFF34F8F7B6039
:108AC00000BFFEF7B3FC0346002B03D0064B4FF06C
:108AD00080521A6000233B603B6883F3118800BF1B
:108AE00000BF0837BD4680BD04ED00E080B400AF94
:108AF0000B4B00221A600B4B00221A600A4B1B68BA
:108B00000A4AA2FB03239B09094A013B1360044B59
:108B100007221A6000BFBD465DF8047B704700BFA6
:108B200010E000E018E000E000000020D34D6210EB
:108B300014E000E0DFF80C00016841F4700101600E
:108B4000704700BF88ED00E080B485B000AFEFF360
:108B50000583FB60FB680F2B15D9184AFB6813448B
:108B60001B78FB72164B1B78FA7A9A420BD24FF0A5
:108B7000500383F31188BFF36F8FBFF34F8F7B6078
:108B800000BF00BFFDE70F4B1B6803F4E0620E4B14
:108B90001B689A420BD94FF0500383F31188BFF33F
:108BA0006F8FBFF34F8F3B6000BF00BFFDE700BF7B
:108BB0001437BD465DF8047B704700BFF0E300E06A
:108BC000DC1200200CED00E0E012002080B58AB03D
:108BD00000AF78600023FB61FEF76CFB5C4B1B6809
:108BE000002B01D100F024F95A4B1A687B6813401E
:108BF000002B40F095807B68002B1ED008227B68FC
:108C000013447B607B6803F00703002B15D07B685F
:108C100023F0070308337B607B6803F00703002B16
:108C20000BD04FF0500383F31188BFF36F8FBFF366
:108C30004F8F7B6100BF00BFFDE77B68002B6FD0CB
:108C4000454B1B687A689A426AD8444B3B62434B57
:108C50001B687B6204E07B6A3B627B6A1B687B6209
:108C60007B6A5B687A689A4203D97B6A1B68002B2F
:108C7000F1D1374B1B687A6A9A4251D03B6A1B6824
:108C800008221344FB617B6A1A683B6A1A607B6A9C
:108C90005A687B68D21A08235B009A4220D97A6A04
:108CA0007B681344BB61BB6903F00703002B0BD047
:108CB0004FF0500383F31188BFF36F8FBFF34F8FD3
:108CC0003B6100BF00BFFDE77B6A5A687B68D21A30
:108CD000BB695A607B6A7A685A60B86900F00AF921
:108CE0001D4B1A687B6A5B68D31A1B4A13601A4BC8
:108CF0001A681B4B1B689A4203D2174B1B68184A11
:108D000013607B6A5A68134B1B681A437B6A5A606C
:108D10007B6A00221A60134B1B680133114A1360EF
:108D2000FEF7D6FAFB6903F00703002B0BD04FF0D8
:108D3000500383F31188BFF36F8FBFF34F8FFB6036
:108D400000BF00BFFDE7FB6918462837BD4680BD60
:108D5000EC4E0020004F0020F04E0020E44E00209A
:108D6000F44E0020F84E002080B586B000AF786049
:108D70007B687B617B68002B4FD008235B427A695C
:108D800013447B617B693B613B695A68254B1B68D7
:108D90001340002B0BD14FF0500383F31188BFF326
:108DA0006F8FBFF34F8FFB6000BF00BFFDE73B69D4
:108DB0001B68002B0BD04FF0500383F31188BFF3D7
:108DC0006F8FBFF34F8FBB6000BF00BFFDE73B69F4
:108DD0005A68144B1B681340002B1ED03B691B685C
:108DE000002B1AD13B695A680E4B1B68DB431A40B3
:108DF0003B695A60FEF75EFA3B695A680A4B1B688A
:108E00001344094A1360386900F074F8074B1B6873
:108E10000133064A1360FEF75BFA00BF1837BD4600
:108E200080BD00BF004F0020F04E0020FC4E00200F
:108E300080B485B000AF4FF47053BB60274BFB602C
:108E4000FB6803F00703002B0CD0FB680733FB60C3
:108E5000FB6823F00703FB60BA68FB68D31A1F4A5C
:108E60001344BB60FB687B601D4A7B6813601C4B2E
:108E700000225A607B68BA681344FB600822FB68D2
:108E80009B1AFB60FB6823F00703FB60FB68154A35
:108E90001360144B1B6800225A60124B1B6800229F
:108EA0001A607B683B603B68FA68D21A3B685A607C
:108EB0000C4B1A683B681A603B685B680A4A13608F
:108EC0003B685B68094A1360094B4FF000421A6027
:108ED00000BF1437BD465DF8047B7047E4120020E4
:108EE000E44E0020EC4E0020F44E0020F04E002016
:108EF000004F002080B485B000AF7860284BFB6045
:108F000002E0FB681B68FB60FB681B687A689A429A
:108F1000F7D8FB68BB60FB685B68BA6813447A6883
:108F20009A4208D1FB685A687B685B681A44FB6800
:108F30005A60FB687B607B68BB607B685B68BA6873
:108F40001A44FB681B689A4218D1FB681A68154BD3
:108F50001B689A420DD07B685A68FB681B685B6887
:108F60001A447B685A60FB681B681A687B681A6041
:108F700008E00C4B1A687B681A6003E0FB681A680B
:108F80007B681A60FA687B689A4202D0FB687A684C
:108F90001A6000BF1437BD465DF8047B704700BF00
:108FA000E44E0020EC4E002080B500AF374B384A2D
:108FB0001A60364B00229A60344B04225A60334BBD
:108FC000344A5A61314B10221A83304B314ADA60ED
:108FD0002E4B20221A82304B2D4A1A602E4B08222B
:108FE0009A602D4B0C225A602B4B2A4A5A612A4B0D
:108FF00040221A83284B274ADA60274B80221A82A4
:10900000234B1B6800225A63214B1B6800229A6382
:109010001F4B1B680022DA631D4B1B6800221A6479
:1090200000211B48FAF7E4FB04211948FAF7E0FB9A
:1090300008211748FAF7DCFB0C211548FAF7D8FB92
:10904000002210211348F9F7A1FD00222021114828
:10905000F9F79CFD002240210E48F9F797FD002208
:1090600080210C48F9F792FD0C4B0D4A1A600B4B0E
:1090700000225A60094B0B4A9A60084B80229A8161
:1090800000210748FAF7B4FB00BF80BD044F002061
:109090007802002000000240204F00203C4F0020BA
:1090A000080300200004024090B583B000AF0446DE
:1090B000084611461A462346FB8003467B710B4641
:1090C0007B8013463B71824B5B69814A118B012285
:1090D0001846F9F75BFD7E4BDB687D4A118A012259
:1090E0001846F9F753FD7B4B5B697A4A118B0122D5
:1090F0001846F9F74BFD774BDB68764A118A012257
:109100001846F9F743FD7B79002B46D0704B9B68DE
:10911000002B05D16E4B1B681B68FA885A6318E058
:109120006B4B9B68042B05D1694B1B681B68FA8845
:109130009A630EE0664B9B68082B05D1644B1B6855
:109140001B68FA88DA6304E0614B1B681B68FA88C5
:109150001A645F4B5B68002B05D15D4B1B681B6875
:1091600000225A635FE05A4B5B68042B05D1584BD1
:109170001B681B6800229A6355E0554B5B68082BFF
:1091800005D1534B1B681B680022DA634BE0504B40
:109190001B681B6800221A6445E04D4B9B68002B3E
:1091A00005D14B4B1B681B6800225A6318E0484BE3
:1091B0009B68042B05D1464B1B681B6800229A63F1
:1091C0000EE0434B9B68082B05D1414B1B681B6885
:1091D0000022DA6304E03E4B1B681B6800221A641D
:1091E0003B4B5B68002B05D1394B1B681B68FA8829
:1091F0005A6318E0364B5B68042B05D1344B1B686F
:109200001B68FA889A630EE0314B5B68082B05D126
:109210002F4B1B681B68FA88DA6304E02C4B1B6831
:109220001B68FA881A643B79002B46D0294B9B684F
:10923000002B05D1274B1B681B687A885A6318E0FE
:10924000244B9B68042B05D1224B1B681B687A8832
:109250009A630EE01F4B9B68082B05D11D4B1B68C2
:109260001B687A88DA6304E01A4B1B681B687A88EB
:109270001A64184B5B68002B05D1164B1B681B68E2
:1092800000225A6364E0134B5B68042B05D1114B39
:109290001B681B6800229A635AE00E4B5B68082B20
:1092A00005D10C4B1B681B680022DA6350E0094BA8
:1092B0001B681B6800221A644AE0064B9B68002B5F
:1092C0000AD1044B1B681B6800225A631DE000BFD3
:1092D000044F0020204F00201F4B9B68042B05D11A
:1092E0001D4B1B681B6800229A630EE01A4B9B689B
:1092F000082B05D1184B1B681B680022DA6304E0B9
:10930000154B1B681B6800221A64134B5B68002B0B
:1093100005D1114B1B681B687A885A6318E00E4B05
:109320005B68042B05D10C4B1B681B687A889A6319
:109330000EE0094B5B68082B05D1074B1B681B68C7
:109340007A88DA6304E0044B1B681B687A881A6425
:1093500000BF0C37BD4690BD204F002080B582B0C5
:1093600000AF03460A46FB8013467B717B79012BD5
:1093700008D11C4B9B681B4A918901221846F9F7BA
:1093800005FC07E0174B9B68164A91890022184696
:10939000F9F7FCFB134B5B68002B05D1114B1B68E5
:1093A0001B68FA885A6318E00E4B5B68042B05D1E2
:1093B0000C4B1B681B68FA889A630EE0094B5B68CC
:1093C000082B05D1074B1B681B68FA88DA6304E099
:1093D000044B1B681B68FA881A6400BF0837BD4637
:1093E00080BD00BF3C4F002080B582B000AF034677
:1093F000FB80FB88B3F5004F03D10F4801F0B2FDAD
:1094000016E0FB88B3F5804F03D10C4801F0AAFDAC
:109410000EE0FB88B3F5005F03D1094801F0A2FD1F
:1094200006E0FB88B3F5805F02D1044801F09AFDA5
:1094300000BF0837BD4680BDF0CE000808CF000849
:1094400020CF000880B500AF4FF48072064907486E
:10945000FBF726FD054B1B68DA68044B1B6842F0DE
:109460001002DA6000BF80BD4C4F002010040020C5
:1094700080B588B000AFF8600B467A607B81FB68EE
:10948000002B02D07B68002B01D1002370E0FB6829
:109490001B78402B01D000236AE0FB680133FB619D
:1094A000FB691B784D2B06D04D2B10DC472B0AD0C7
:1094B0004C2B04D00BE07B6800221A7009E07B681B
:1094C00001221A7005E07B6802221A7001E0002375
:1094D0004EE0FB690133FB617B6800225A7032E089
:1094E000FB690133FB61FB691B78202BF8D0FB691A
:1094F0001B78002B31D0FB691B780D2B2DD0FB691D
:109500001B780A2B29D000237B6107F1140319462D
:10951000F86901F03DFCF0EE407AFDEEE77A17EED7
:10952000903ABB617B69FA699A4215D07B685B7897
:109530005A1CD1B27A6851707A689B001344BA6998
:109540005A607B69FB61FB691B78002B05D07B6847
:109550005B78052BC7D900E000BF7B681B78002B28
:1095600005D17B685B78012B01D8002300E0012343
:1095700018462037BD4680BD80B5CCB000AF07F59A
:109580009873A3F596731860224B186807F59671C7
:109590004FF0FF330022FCF72BFDB7F82E31002BE4
:1095A00035D0B7F82E31B3F5807F30D8B7F82C31ED
:1095B0001A46194BD118B7F82E311A4607F128036D
:1095C000184601F07DFDB7F82E311A4607F598735D
:1095D000A3F584730021995407F1280319460F4815
:1095E00001F058FCB7F82E1107F10C0207F128031F
:1095F0001846FFF73DFF0346002BC5D0084B1868FF
:1096000007F10C0100230022FCF792FCBCE700BF2D
:10961000BAE700BF100200204C4F002038CF0008EE
:109620001402002080B485B000AF786039607B6898
:10963000002B02D03B68002B01D100237AE07B682D
:109640001B78012B01D0002374E07B685B78002B32
:1096500001D100236EE07B685B68FB60FB68042B34
:1096600065D801A252F823F07D960008859600087F
:10967000B7960008F3960008119700083B6800228F
:109680001A7056E07B685B78032B01D8002351E009
:109690003B6801221A707B689B68DAB23B685A709B
:1096A0007B68DB68DAB23B689A707B681B69DAB268
:1096B0003B68DA703DE07B685B78042B01D80023BF
:1096C00038E03B6802221A707B689B68DAB23B681C
:1096D0005A707B68DB68DAB23B689A707B681B69FA
:1096E000DAB23B68DA707B685B699AB23B689A8051
:1096F0001FE07B685B78012B01D800231AE03B68F0
:1097000003221A707B689B689AB23B689A8010E0CB
:109710007B685B78012B01D800230BE03B680422B7
:109720001A707B689B689AB23B689A8001E00023BC
:1097300000E0012318461437BD465DF8047B7047EE
:1097400090B58FB002AF7860284B186807F114010C
:109750004FF0FF330022FCF74BFC3B7D022B32D055
:10976000022B3EDC002B02D0012B09D039E0204B2C
:10977000186807F1140100230022FCF7D9FB33E03D
:1097800007F10C0207F1140311461846FFF74AFFD0
:109790000346002B27D0174B186807F10C01002354
:1097A0000022FCF7C5FB3B7B19467B7B1846BB7B45
:1097B0001C46FB7B3A8A01920093234602460E48E0
:1097C00001F068FB0FE00D4B186807F1140100234E
:1097D0000022FCF7ADFBBB691946094801F05AFBB2
:1097E00002E000BFB0E700BFAEE700BF14020020F8
:1097F000180200202002002044CF0008240200208C
:1098000070CF000880B58CB000AF78601E4801F0C2
:10981000A9FB1E4B186807F10C014FF0FF33002223
:10982000FCF7E6FB3B7B022B05D03B7B1946184837
:1098300001F030FB27E07B7B002B03D1154801F0C2
:1098400091FB20E03B69FB62F96A134801F022FBBF
:10985000FB6A002B01DB012300E0002387F82B309B
:10986000FB6A07EE903AF8EEE77AF0EEE77AFCEE64
:10987000E77A17EE903A3B8597F82B203B8D1146FF
:109880001846FFF76BFDC4E790CF000824020020C4
:10989000B0CF0008D4CF0008F8CF000880B58EB054
:1098A00000AF7860234801F05DFB234B186807F197
:1098B0000C014FF0FF330022FCF79AFB3B7B002B9F
:1098C00003D01E4801F04EFB33E03B697B637B69AC
:1098D0003B637B6B002B01DB012300E0002387F857
:1098E0002F303B6B002B01DB012300E0002387F8C6
:1098F0002E307B6B07EE903AF8EEE77AF0EEE77ADF
:10990000FCEEE77A17EE903ABB853B6B07EE903A98
:10991000F8EEE77AF0EEE77AFCEEE77A17EE903AA7
:109920007B8597F82E307A8D97F82F10B88DFFF73A
:10993000BBFBBAE710D000081802002028D00008AE
:1099400090B58BB002AF786000233B7300237B732C
:109950000023BB730023FB7364233B824B4801F05D
:1099600001FB4B4B186807F114010A230022FCF796
:109970003FFBF861FB69002B17D107F10C0307F1DE
:10998000140292E803001860043319803B7D1946E5
:109990007B7D1846BB7D1C46FB7D3A8B0192009374
:1099A000234602463B4801F075FA3B7B052B5FD806
:1099B00001A252F823F000BFD1990008EF990008E6
:1099C000119A00082B9A0008419A0008579A00083B
:1099D000FB69002B07D1304801F0C4FA00F08AF986
:1099E00000F0C0F950E06420FCF713FA4CE0FB698A
:1099F000002B09D1294801F0B5FA7B7BB97BFA7BB2
:109A0000184600F0EDFA3FE06420FCF702FA3BE074
:109A1000FB69002B02D1224801F0A4FA787BB97BC4
:109A2000FA7B3B8A00F0F4F92EE0FB69002B02D1AF
:109A30001C4801F097FA3B8A184600F025FA23E00B
:109A4000FB69002B02D1184801F08CFA3B8A1846BA
:109A500000F070FA18E0FB69002B05D1134801F003
:109A600081FA00F07FF90FE06420FCF7D2F90BE0F7
:109A7000FB69002B04D13B7B19460D4801F00AFA23
:109A80006420FCF7C6F900BF6BE700BF38D00008C0
:109A9000200200204CD0000884D0000890D000089C
:109AA000A0D00008C0D00008E4D0000808D1000809
:109AB00014D1000880B5A4B000AF78600F4B1868CF
:109AC00007F10C014FF0FF330022FCF791FA034637
:109AD000002B0CBF01230023DBB2002BEED0B7F824
:109AE0008C2007F10C0319460548FBF75DF94FF090
:109AF000FF3200210120FCF70BF9DFE71C020020F8
:109B00001004002080B582B000AF78607B68064A00
:109B1000934205D1054B1B6801211846FCF7AAF8B2
:109B200000BF0837BD4680BD10040020040200209D
:109B300080B5A6B000AFF860B9607A60FBF7C0FFEF
:109B40000346022B14BF01230023DBB2002B09D0F4
:109B50007B689AB24FF47A73B9681948FBF798F8A2
:109B60007B6829E07B68802B01D980237B607B6840
:109B70009BB2A7F894307A6807F11403B9681846C5
:109B800001F09EFA0F4B186807F1140164230022BC
:109B9000FCF7CEF90346002B14BF01230023DBB2F0
:109BA000002B08D07B689AB26423B9680448FBF79D
:109BB0006FF87B6800E07B6818469837BD4680BD2B
:109BC000100400201C02002080B586B000AF786031
:109BD0007B681B681C4A934231D100237B617B6800
:109BE0001B681B687B617B681B685B687B617B69AA
:109BF00000233B617B681B681B683B617B681B68BB
:109C00005B683B613B690023FB607B681B681B68EA
:109C1000FB607B681B685B68FB60FB680023BB60C4
:109C20007B681B681B68BB607B681B685B68BB60EC
:109C3000BB684FF4807205490548FBF731F900BF56
:109C40001837BD4680BD00BF001001404C4F0020BA
:109C50001004002080B489B000AFF860B9601146EC
:109C60001A460B46FB711346BB71BA6813465B007C
:109C70001344DB00FB61BB793B74FB797B7497F881
:109C80002830BB740023BB6129E007237B6120E0FF
:109C900007F11002BB6913441B781A467B6942FA2C
:109CA00003F303F00103002B08D0FB695A1CFA618F
:109CB0005B00FA68134450221A8007E0FB695A1CC3
:109CC000FA615B00FA68134428221A807B69013B21
:109CD0007B617B69002BDBDABB690133BB61BB694C
:109CE000022BD2DD00BF00BF2437BD465DF8047BE8
:109CF0007047000080B483B000AF00237B600CE0AD
:109D0000164A7B68282122F81310154A7B682821FF
:109D100022F813107B6801337B607B68B3F5C07F4A
:109D2000EEDB4FF4C0733B600CE00C4A3B68002153
:109D300022F813100A4A3B68002122F813103B68EE
:109D400001333B603B68B3F5DE7FEEDB00BF00BF55
:109D50000C37BD465DF8047B704700BF4C500020B7
:109D6000C453002080B584B000AF4FF4C073BB6013
:109D70000023FB6010E0BA68FB681344204A00210E
:109D800022F81310BA68FB6813441E4A002122F817
:109D90001310FB680133FB60FB683B2BEBDD0021FC
:109DA0001948F9F785FF04211748F9F781FF0023C7
:109DB0007B6002E07B6801337B607B68B3F57A7F70
:109DC000F8DB114B1B681B6903F00103012B05D065
:109DD0000E4801F0C7F80C48F9F7FEFB4FF4DE73AC
:109DE000084A00210848F9F7B3FD4FF4DE73044A2E
:109DF00004210548F9F7ACFD00BF1037BD4680BD12
:109E00004C500020C4530020C002002030D1000874
:109E100080B584B002AF3B600346FB710B46BB715B
:109E200013467B71FFF766FF144B1968B879FA790E
:109E30007B79009303461248FFF70CFF0F4B19681C
:109E4000B879FA797B79009303460E48FFF702FF51
:109E5000FFF788FF094B1B680133084A1360074B63
:109E60001B680F2B02DD054B00221A603B68184669
:109E7000FBF7CFFF00BF0837BD4680BD3C57002031
:109E80004C500020C453002080B584B002AF7860ED
:109E9000FFF730FF244B1968002300937823FF223B
:109EA0002248FFF7D7FE204B1B680F335A4203F0BE
:109EB0000F0102F00F0358BF5942002300933C23C7
:109EC00078221A48FFF7C6FE174B19680023009343
:109ED0007823FF221648FFF7BDFE134B1B680F3394
:109EE0005A4203F00F0102F00F0358BF59420023FA
:109EF00000933C2378220E48FFF7ACFEFFF732FFB9
:109F0000094B1B680133084A1360074B1B680F2B72
:109F100002DD054B00221A607B681846FBF779FFCB
:109F200000BF0837BD4680BD405700204C50002080
:109F3000C453002080B584B002AF7860FFF7DAFE2A
:109F4000244B1968002300937823FF222248FFF74F
:109F500081FE204B1B6801335A4203F00F0102F0CF
:109F60000F0358BF5942002300933C2378221A481C
:109F7000FFF770FE174B1968002300937823FF2228
:109F80001648FFF767FE134B1B6801335A4203F074
:109F90000F0102F00F0358BF5942002300933C23E6
:109FA00078220E48FFF756FEFFF7DCFE094B1B68D0
:109FB000013B084A1360074B1B68002B02DA054B74
:109FC0000F221A607B681846FBF723FF00BF083793
:109FD000BD4680BD100000204C500020C45300201E
:109FE00080B586B002AF0346FB710B46BB711346CA
:109FF0007B71FFF77FFE0023FB6014E0B979FA79EB
:10A000007B7900930B46F9680B48FFF723FEB9797B
:10A01000FA797B7900930B46F9680848FFF71AFE36
:10A02000FB680133FB60FB680F2BE7DDFFF79AFE4F
:10A0300000BF1037BD4680BD4C500020C4530020E7
:10A04000002310B50446C0E90033C0E9043383603F
:10A0500081814366C2818361194608225C3000F029
:10A0600089FF0D4B63620D4BA3620D4BE3620D4BF9
:10A0700023630D4B24629C4206D003F16802944294
:10A0800002D0D0339C4205D104F15800BDE8104005
:10A0900000F0B4BF10BD00BFC9C90008EBC900087B
:10A0A00023CA000847CA000844570020024A03494F
:10A0B000034800F0D1BE00BF140000200DC000080E
:10A0C0009001002041680C4B994210B5044601D024
:10A0D00001F09CFFA168094B994202D0204601F093
:10A0E00095FFE168064B994204D02046BDE8104038
:10A0F00001F08CBF10BD00BF44570020AC570020BA
:10A100001458002010B50B4B0B4C0C4A1A6020461B
:10A1100000220421FFF794FF04F1680001220921C5
:10A12000FFF78EFF04F1D0000222BDE8104012219B
:10A13000FFF786BF7C58002044570020ADA00008E0
:10A14000014800F05CBF00BF81580020014800F0CA
:10A1500057BF00BF8158002010B50446FFF7F0FF3D
:10A16000236A1BB1BDE81040FFF7F0BF044B236228
:10A17000044B1B68002BF5D1FFF7C4FFF2E700BFCB
:10A18000C5A000087C58002070B504460D4645EC7B
:10A19000104B164602F0DAFA51EC100B7EB1C5F303
:10A1A0000A53C3F16B03002B09DD1B0503F17F5537
:10A1B000002405F5401522462B46F6F71DFA41EC22
:10A1C000100B70BD000000002DE9F04F9FB00C4651
:10A1D000179200221A9205904FF0000A4FF0000BE0
:10A1E0000A46199211782B294AD038D80D2932D82D
:10A1F000082932D800293BD000220E92199D2A78D6
:10A20000302A40F0B2806A7802F0DF02582A6ED11C
:10A2100002930E9B01931AAB00938F4A05981BABD8
:10A2200019A901F01DF810F00F06044605D0062EFE
:10A2300028D10135002319950E93179B002B40F070
:10A240008E850E9BCBB152460BF1004343EC102B95
:10A250001FB0BDE8F08F2029CED10132C1E72D29F2
:10A26000CAD101210E91511C19915278002AC5D1F1
:10A27000179B1994002B40F0708552465B46E5E72A
:10A280000021EFE71A9A3AB135211CA802F058FBD9
:10A290001A99059801F02EFF013E1B9A042E06D84C
:10A2A000DFE806F014031D201400DDE91CABE10516
:10A2B00048BF4BF0004B2BF000431B0D1B05002B40
:10A2C000BBD100F071FE22230360B6E7DDE91CA3D9
:10A2D00002F2334223F4801343EA025BE7E7DFF83C
:10A2E00080B1E4E76FF0004B4FF0FF3ADFE7199BD6
:10A2F0005A1C19925B78302BF9D0002B9DD001238A
:10A3000000270893199B0C930B97B9460A221998BA
:10A310000578A5F13003D9B2092928D94F4901227E
:10A3200000F030FE002832D000202A460A904D4628
:10A330000346652A01D0452A14D11DB9089A024363
:10A3400096D00025199C621C199262782B2A7AD02B
:10A350002D2A7ED04FF0000CA2F13001092940F2E5
:10A36000858019944FF00008A5E00023C8E7B9F1F3
:10A37000080FD8BF0B9900F10100DABF02FB0133CF
:10A380000B9302FB073709F101091990BFE7199BED
:10A390005A1C19925A78B9F1000F3BD00A904D46D9
:10A3A000A2F13003092B12D90123C2E7199B5A1CD1
:10A3B00019925A780130302AF8D0A2F13103082BD3
:10A3C00000F2D284199B0A9000200C930546303A83
:10A3D00000F1010318D00A9919440A912E464FF052
:10A3E0000A0E711CA1EB050C634515DC20EAE07038
:10A3F0002B18082B05F1010505441ADC0B990A23DB
:10A4000003FB01230B930023199A511C19915278D5
:10A410001846C5E74846CEE7082E05DC0B9E0EFB26
:10A4200006F60B960E46DCE71029D8BF0EFB07F7A1
:10A43000F8E70F2BDCBF0A2303FB0727E3E7002322
:10A440000A9301237AE74FF0000CA21C1992A2781C
:10A4500082E74FF0010CF8E7E4D3000868D2000867
:10A460000000F07F199A511C19915278302AF9D0C6
:10A47000A2F1310108293FF675AF303A0992199AD5
:10A480000F924FF00A08199A561C19965278A2F1A9
:10A49000300EBEF1090F39D90F99761A082E44F6FD
:10A4A0001F6803DC09998845A8BF8846BCF1000FE6
:10A4B00001D0C8F10008002D4ED1089908437FF45F
:10A4C000BCAE002B7FF4D4AE692A28D025DC492A03
:10A4D00025D04E2A7FF4CCAE9A4919A801F0E2F8B3
:10A4E00000283FF4C5AE199B1B78282B2ED1964926
:10A4F0001CAA19A801F0EAF8052827D11D9BDDF850
:10A5000070A043F0FF4B4BF4E00B96E6099908FB73
:10A510000121A1F130020992B5E76E2ADAE78B49F1
:10A5200019A801F0BFF800283FF4A2AE199B884992
:10A53000013B19A8199301F0B5F810B9199B013323
:10A540001993DFF81CB24FF0000A76E6814800F05C
:10A55000C7FD5BEC10AB70E60A9B0B98A8EB0303FE
:10A56000B9F1000F08BFA946102D09932C46A8BFCA
:10A570001024F5F7C7FF092D82468B4613DC099B93
:10A58000002B3FF45AAE099B78DD162B5FDC724935
:10A5900001EBC301D1E9000152465B46F6F72CF806
:10A5A00082468B4649E66C4B03EBC40353E9122306
:10A5B000F6F722F8824638468B46F5F7A3FF0246A7
:10A5C0000B4650465946F5F761FE0F2D82468B46E5
:10A5D000D5DD099B2C1B1C44002C40F3938014F008
:10A5E0000F030AD05C4901EBC30152465B46D1E937
:10A5F0000001F6F701F882468B4634F00F0473D061
:10A60000B4F59A7F49DD0024A0460B94A146059A33
:10A61000DFF84CB1222313604FF0000A0B9B002B94
:10A620003FF40BAE1A99059801F064FD0598494670
:10A6300001F060FD0598414601F05CFD0B9905981D
:10A6400001F058FD0598214601F054FDF5E5099A01
:10A65000C5F125039342BCDB3F4CC5F10F0504EB6C
:10A66000C50152465B46D1E90001F5F7C5FF099BDC
:10A670005D1B04EBC504D4E900238FE71633A8DB88
:10A680000A9BA3EB0808344B03EBC808D8E9002366
:10A6900050465946F6F7DAF882E700232F4F241187
:10A6A000504659461E46012C21DC0BB182468B4692
:10A6B0002A49ABF1547B01EBC60152465B46D1E916
:10A6C0000001F5F799FF264B0A460B4025498B42BE
:10A6D000824698D8A1F580118B4286BFDFF888B0FA
:10A6E0004FF0FF3A02F1547B0023089376E0E20733
:10A6F00004D5D7E90023F5F77FFF01230136641065
:10A700000837D0E7F0D0644214F00F020AD0124BA1
:10A7100003EBC20350465946D3E90023F6F796F8F7
:10A7200082468B462411DFD01F2C1FDD0024A0465B
:10A730000B94A146059A22234FF0000A4FF0000B1C
:10A7400013606BE773D20008D0D300086AD2000808
:10A750006DD20008CDD3000858D5000830D50008C8
:10A760000000F07F0000A07CFFFFEF7F14F01003DB
:10A7700018BF6A23A94E0893504659460023E7079D
:10A7800004D5D6E90023F5F737FF0123641006F15D
:10A790000806F4D10BB182468B46089BB3B1CBF3CC
:10A7A0000A52C2F16B03002B59460FDD1F2B56DDF9
:10A7B000342BDEBF4FF0FF33C2F14B0293404FF01A
:10A7C000000ACCBF4FF05C7B03EA010B00220023A0
:10A7D00050465946F6F778F90028A7D10B9B00930D
:10A7E0000C9905982B464A4601F0ECFC0B9000288A
:10A7F0003FF409AF099A0A9B002AA3EB0803A8BFFC
:10A8000000231293002422EAE2731693A0460B9BC6
:10A810000598596801F02EFC814600283FF4F7AEF8
:10A820000B9B1A69023203F10C0192000C3000F00C
:10A8300047FC4BEC10AB05981CAA1BA9CDE90CAB4F
:10A8400001F0F4FF1A9000283FF4E1AE05980121D1
:10A8500001F04EFD804648B94FF00008D7E64FF0B2
:10A86000FF3202FA03F303EA0A0AAFE71B9D1C9AC0
:10A87000002DABBF129B169B169E129FACBFEF180C
:10A880005E1B089BED1A1544654B013D9D42C2F1CC
:10A89000360250DA5B1B1F2BA2EB03024FF00101C3
:10A8A0003DDC01FA03F3139300231093BD18089BBA
:10A8B000AF4216441E443B46A8BF2B46B342A8BF36
:10A8C0003346002BC2BFED1AF61AFF1A129B002B5B
:10A8D00016DD414605981A4601F0C2FD8046002863
:10A8E000BAD001461A9A059801F018FD0A9000287E
:10A8F0003FF48DAE1A99059801F0FCFB0A9B1A9360
:10A90000002D1DDC099B002B23DD4946169A059876
:10A9100001F0A6FD8146E0B94FF0000977E6C5F1E8
:10A920007F4505F57F0505F57B45E23501FA05F321
:10A9300010931391BAE70023109301231393B5E703
:10A940001A9905982A4601F0E5FD1A900028D9D1F8
:10A950005DE6002E07DD49460598324601F0DAFD36
:10A9600081460028D8D0002F08DD414605983A4698
:10A9700001F0D0FD804600283FF449AE1A990598B1
:10A980004A4601F04FFE044600283FF440AEC3683B
:10A990000F930023C360414601F028FE002845DAEA
:10A9A0000F9B53EA0A036BD1CBF31303002B67D140
:10A9B0002BF000431B0D1B05B3F1D66F60D9636903
:10A9C00013B92369012B5BDD21460122059801F0B3
:10A9D000A1FD4146044601F009FE002850DD2BF0A0
:10A9E0000043089A1B0D1B05002A6AD0B3F1D66FED
:10A9F00067D8B3F15C7F7FF69DAE0A4B504659464F
:10AA00000022F5F7F9FD084B0B4082468B46002BE0
:10AA10007FF408AE059A2223136003E6F8D30008FA
:10AA200002FCFFFF000050390000F07FCDF828B095
:10AA300065D10F9ACBF313035AB39F4A93422BD19C
:10AA4000089B514603B39D4B5A461340B3F1D46F54
:10AA50004FF0FF321BD81B0DC3F16B0302FA03F357
:10AA6000994219D1964B0A9A9A4202D101313FF488
:10AA7000CEAD924B0A9A1A4002F5801B4FF0000AA5
:10AA8000089B002BB9D1CDE54FF0FF33E8E7134623
:10AA9000E6E753EA0A03A2D0109BDBB10A9A1342FD
:10AAA000EED00F9B089A50465946BBB1FFF76CFB9E
:10AAB000DDE90C0153EC102BF5F7E8FB82468B46E1
:10AAC000DEE7A3F580136FEA135B6FEA0B5B4FF0D1
:10AAD000FF3AD5E7139B13EA0A0FE1E7FFF754FBB0
:10AAE000DDE90C0153EC102BF5F7CEFB002200231F
:10AAF00082468B46F5F7E8FF0028C1D01AE64146AA
:10AB0000204601F0EBFE57EC106B00224FF0804323
:10AB100030463946F5F7ECFF00286FD00F9B002B2D
:10AB20007AD1BAF1000F58D10A9BC3F31303002B5B
:10AB30005AD1644B002230463946F5F7CFFF002842
:10AB400059D130463946604B0022F5F755FD06468F
:10AB50000F4607F1004306960793DDE90623574D9C
:10AB6000CDE910230A9B1D40584B9D4240F0B28016
:10AB70000A9BA3F1547B4BEC10AB01F0E7FDDDE940
:10AB8000062351EC100BF5F737FD52465B46F5F7FF
:10AB90007DFB0B4649494E4A19409142824642D9B3
:10ABA0000D9A474B9A4203D10C9B01333FF42FADD2
:10ABB000DFF80CB14FF0FF3A1A99059801F09AFAB4
:10ABC0000598494601F096FA0598414601F092FA37
:10ABD0000598214601F08EFA19E6BAF1010F03D16A
:10ABE0000A9B002B3FF4A6AD9FED2B7B354F8DEDDF
:10ABF000067B0026B1E7344F0026AAE7324B3046E9
:10AC000039460022F5F7F8FC0F9B06460F46002B4D
:10AC10009FD0CDE90667A0E79FED217B8DED067BF8
:10AC200057EC176B99E703F1547B089BCDF828B0DC
:10AC3000002BC1D12BF000431B0D1B059D42BBD146
:10AC400030463946F6F710F8F5F7A8FC02460B46F1
:10AC500030463946F5F718FB0B460246CDE90C2382
:10AC6000CBF313060F9B46EA0A061E436FD00EA3D2
:10AC7000D3E90023F5F732FF00287FF4D3AC0CA30F
:10AC8000D3E90023DDE90C01F5F746FF002893D056
:10AC9000C8E400BFAFF30080000000000000F0BF78
:10ACA000000000000000F03F9535A094FFFFDF3F5B
:10ACB00035E5AF350000E03FFFFF0F000000F07FFB
:10ACC000FFFFEF7F0000F03F0000E03F0000E07F6B
:10ACD000FFFF9F7C089B23B3B5F1D46F21D828A335
:10ACE000D3E9002330463946F5F702FFA0B13946D3
:10ACF0003046F5F731FF012838BF0120F5F702FC97
:10AD00000F9B06460F46FBB901F1004314901593C3
:10AD1000DDE91423CDE91023119B03F1D6635B1BFE
:10AD200011939DED0C0BDDE910AB01F00FFD5046CA
:10AD300053EC102B5946F5F75FFCDDE90C23F5F7D2
:10AD4000A5FA82468B4670E7CDE91467E0E70EA3CB
:10AD5000D3E90023F5F7C2FE98E700230E93179A74
:10AD6000199B1360FFF76DBA652A3FF468AB452A5B
:10AD70003FF465AB0123FFF7A0BB00BFAFF300803A
:10AD80000000C0FFFFFFDF419535A094FFFFCF3FDC
:10AD90002DE9F041DFF8BC80294B0A462DED028BEE
:10ADA0000146D8F80000FFF70FFA55EC104B224689
:10ADB0002B4620462946F5F7B9FE90B1002D2148D3
:10ADC00009DA00F095F9B1EE408AB0EE480ABDEC20
:10ADD000028BBDE8F081BDEC028BBDE8F04100F0D4
:10ADE00087B920462946F5F7D7FE08EE100ADFEDB1
:10ADF000167AB0EEC87AB4EE677AF1EE10FA11DD89
:10AE000025F00047114B4FF0FF3220463946F5F749
:10AE10008DFE80B90D4B4FF0FF3220463946F5F7D5
:10AE200067FE40B918EE103A13F0FF4FCDD1084B32
:10AE30002B40002BC9D0D8F8003022221A60C4E77A
:10AE400020000020CDD30008FFFF7F7FFFFFEF7FB2
:10AE50000000F07F8C0100202DE9F843074688466A
:10AE600014460026D4E90195B9F1010905D52468F5
:10AE7000002CF7D13046BDE8F883AB89012B07D908
:10AE8000B5F90E30013303D029463846C047064392
:10AE90006835E9E70FB407B5064904AB086853F80D
:10AEA000042B8168019300F0D5FC03B05DF804EB3E
:10AEB00004B070478C010020036A70B584680546B1
:10AEC0000E460BB9FFF748F9636EDB0705D4A3897B
:10AED000980502D4A06D00F092F8A389190702D555
:10AEE0002369002B35D12146284601F0EFFD80B3C0
:10AEF0004FF0FF35636EDA0705D4A3899B0502D4B2
:10AF0000A06D00F07DF8284670BD002B04DAA26920
:10AF10009A4217DC0A2915D023685A1C226019703E
:10AF2000A36816F8011F013BA3600029EDD1002B97
:10AF300011DA22460A21284601F089FD0130D7D0D6
:10AF40000A25D7E72246284601F081FD0130E7D1E6
:10AF5000CEE7013EE4E723685A1C22600A221A70F9
:10AF6000EEE70000024B01461868FFF7A5BF00BFDF
:10AF70008C01002002440346934200D1704703F83D
:10AF8000011BF9E710B56AB10139841810F8012BDB
:10AF900011F8013F9A4203D1A04201D0002AF5D115
:10AFA000D01A10BD1046FCE7014B1868704700BF6F
:10AFB0008C01002070B50D4D0D4C641BA4100026B3
:10AFC000A64209D10B4D0C4C01F056FF641BA41096
:10AFD0000026A64205D170BD55F8043B98470136BE
:10AFE000EEE755F8043B98470136F2E728D600080B
:10AFF00028D6000828D600082CD6000870477047CD
:10B00000704700002D4B1B68834270B5044653D037
:10B01000C3691BB3DB6863B10025E369DB68595979
:10B02000B1B90435802DF8D1E3692046D96800F024
:10B0300065F8E369196811B1204600F05FF8E3692B
:10B040009D685DB1294620462D6800F057F8F8E765
:10B050000E68204600F052F83146E1E7616911B10F
:10B06000204600F04BF8E16911B1204600F046F8A7
:10B07000216B11B1204600F041F8616B11B12046FF
:10B0800000F03CF8A16B11B1204600F037F8A16C3C
:10B0900011B1204600F032F8616C11B1204600F089
:10B0A0002DF8E16A11B1204600F028F8236A1BB19F
:10B0B0002046BDE87040184770BD00BF8C010020DD
:10B0C0000A44914200F1FF3300D1704710B511F8E6
:10B0D000014B03F8014F9142F9D110BD000000006F
:10B0E0009FED010B704700BF000000000000F87FDB
:10B0F0009FED010A704700BF0000C07F38B50546CC
:10B10000002941D051F8043C0C1F002BB8BFE418B3
:10B1100000F0A4FF1D4A136833B963601460284629
:10B12000BDE8384000F0A0BFA34208D9206821182C
:10B130008B4201BF19685B6809182160EDE71A4668
:10B140005B680BB1A342FAD911685018A0420BD129
:10B1500020680144501883421160E0D118685B6890
:10B16000536008441060DAE702D90C232B60D6E75D
:10B17000206821188B4204BF19685B68636004BFB4
:10B18000091821605460CAE738BD00BF8C58002000
:10B190000369B3EB611F2DE9F0434FEA611200F13F
:10B1A000140445DD11F01F0104EB830604EB820556
:10B1B0000CD100F110072946B14234D39B1A9B00F1
:10B1C000EA1E964238BF0023234415E054F822704B
:10B1D000C1F12008CF4005F1040EA1467645F446A2
:10B1E00015D89A1A9200043A0135AE4238BF0022AF
:10B1F000A318A75007B104331A1BA3424FEAA202B7
:10B2000008BF0023026108BF4361BDE8F083DCF89A
:10B2100000C00CFA08FC4CEA070749F8047B5EF80A
:10B22000047BCF40DAE751F804CB47F804CFC3E7FB
:10B230002346E1E7A0F13003092B02D82038C0B241
:10B240007047A0F16103052B01D84738F7E7A0F15B
:10B250004103052B01D82738F1E700207047000093
:10B260002DE9F04F85B08A4602930B680190904615
:10B270009C1CA14614F8010B3028FAD0A9EB03035B
:10B28000A3F1020BFFF7D6FF0546002868D1A049BD
:10B2900001224846FFF776FE0746002867D199F855
:10B2A00001002646FFF7C6FF002862D02346187823
:10B2B0003028994603F10103F9D0FFF7BBFFB0FA3C
:10B2C00080F56D094FF0010B4A4616460132307881
:10B2D000FFF7B0FF0028F8D18D4901223046FFF773
:10B2E00051FE00283FD144B9741C22461646013253
:10B2F0003078FFF79FFF0028F8D1A41BA700337810
:10B3000003F0DF03502B3ED173782B2B33D02D2B42
:10B3100034D0711C00240878FFF78CFF431EDBB289
:10B32000182B30D8A0F1100211F8010FFFF782FF9F
:10B3300000F1FF3C5FFA8CFCBCF1180F4FF00A03E0
:10B340001ED904B152421744CAF80010EDB1BBF146
:10B35000000F0CBF06250025284605B0BDE8F08F7C
:10B3600000252C46B0E7002CC7D12746C7E74E463C
:10B370002F460125C3E70024B11CCCE70124FBE7DD
:10B3800003FB0200CEE73146DEE7A6EB0903013BF3
:10B390002946072B0ADC019800F06CFE044640B9F0
:10B3A0005C4B0246E4215C4801F0CEFC01315B10AD
:10B3B000EFE700F1140A002355469B46B14537D309
:10B3C00045F804BBA5EB0A05AD102561584600F011
:10B3D00043FF6D01D8F800602D1AB54254DDAD1B56
:10B3E0002946204601F0CFFA814678B16B1E5911EB
:10B3F00003F01F025AF821104FF0010909FA02F276
:10B400000A4203D04B4536DC4FF00209294620465C
:10B41000FFF7BEFE2F44D8F80830BB4242DA01984D
:10B42000214600F067FE0E9A00231360A32593E7E0
:10B4300016F8012D2E2A12D0202B04D145F804BB7A
:10B440004FF0000B5B4630780393FFF7F3FE039B4E
:10B4500000F00F0098404BEA000B0433AEE7B14513
:10B46000EAD82B49039301223046FFF78BFD039B5B
:10B470000028E1D1A2E7A91E204601F084FA0028A5
:10B48000C2D04FF00309C1E709DA751B21460198C4
:10B490002A4601F03FF87F1B044600F1140A4FF0E2
:10B4A0000009B8E7D8F80450BD426FDDED1BAE428D
:10B4B00034DCD8F80C30022B22D0032B24D0012B03
:10B4C00015D1AE4213D1012E0BD1029AD8F8043017
:10B4D000136001232361CAF800300E9B62251C60B3
:10B4E0003AE7711E204601F04EFA0028EDD101988E
:10B4F000214600F0FFFD0E9A0023136050252BE734
:10B500000F9B002BF3D1E0E70F9B002BDDD1EEE783
:10B5100068D200087ED200088FD200086F1EB9F1F1
:10B52000000F30D127B13946204601F02CFA814670
:10B530007A1101235AF8222007F01F07BB4013425B
:10B540002946204618BF49F00209FFF721FED8F826
:10B550000470761B0225B9F1000F47D0D8F80C30E3
:10B56000022B15D0032B17D0012B09D119F0020F94
:10B5700006D0DAF8003049EA030919F0010F0ED1BC
:10B5800045F0100532E04FF00109D1E70125E2E76F
:10B590000F9BC3F101030F930F9B002BF0D0D4F846
:10B5A00010B004F114034FEA8B0A03EB8B014FF048
:10B5B000000C184653F8042BB2F1FF3F1BD00132A8
:10B5C0000260022D04F114033CD1D8F80020013AA6
:10B5D000B24209D17111012253F8213006F01F0641
:10B5E00002FA06F61E423AD145F020050E9B1C6079
:10B5F000029B1F60B0E6994243F804CCD9D8A368F7
:10B600009B4517DB61680198013100F033FD8146ED
:10B6100018B91A4B02468421C5E62269023204F1A8
:10B620000C0192000C30FFF74BFD2146019800F011
:10B6300061FD4C4623695A1C04EB830322610122FD
:10B640005A61BEE722695A450BDD01212046FFF70A
:10B650009FFDD8F808300137BB42FFF6E0AE012568
:10B66000C2E716F01F06FAD05344C6F1200653F87D
:10B67000040C00F0F1FDB042E7DBF0E77ED20008F9
:10B68000C2F10802920070B5C2F120064368046856
:10B6900003FA06F52C43D340046040F8043F884287
:10B6A000F4D370BD30B50368013311F8014B14B900
:10B6B0000360012030BD13F8012BA2F14105192DC3
:10B6C00098BF2032A242F0D00020F3E72DE9F04FDE
:10B6D0000B6801685E1102EB860613F01F0387B04A
:10B6E00018BF04360025371F82469046019346F85E
:10B6F000045CB9463C460295AB464A784B1C039322
:10B7000042B3104605910492FFF794FD002851D1F1
:10B71000049A0599202A18D8029B9B4513DD4C45B5
:10B7200006D2072D04DC2A4649462046FFF7A8FF2B
:10B73000444552D90023A4F1040944F8043CCDF84F
:10B7400008B04C461D460399D7E7292A57D1023144
:10B75000CAF80010BBF1000F51D04C4506D2072D9E
:10B7600004DC2A4649462046FFF78AFF444536D97D
:10B77000A8F10402234653F8041B42F8041F9F4219
:10B78000F9D23B1B23F0030304330134033EB442DC
:10B7900088BF04234344002243F8042B9F42FBD27A
:10B7A0003B681BB9474528D101233B60052007B002
:10B7B000BDE8F08F0135082D0BF1010B06DD444586
:10B7C000C1D9002344F8043C0125043C226800F060
:10B7D0000F0040EA02102060B5E70825B3E7019B9F
:10B7E000002BDDD0C3F120034FF0FF32DA4056F8D2
:10B7F000043C134046F8043CD2E7043FD0E7042061
:10B80000D5E79368013B002B10B4936008DA946984
:10B81000A34201DB0A2903D15DF8044B01F017B9FB
:10B820001368581C1060197008465DF8044B704787
:10B83000F8B506460F461446D518AC4201D1002093
:10B8400007E014F8011B3A463046FFF7DAFF431CC5
:10B85000F3D1F8BD2DE9F04F0D469DB01446984642
:10B86000064618B1036A0BB9FEF776FC6B6ED90772
:10B8700005D4AB899A0502D4A86DFFF7C0FBAB894C
:10B880001B0701D52B699BB92946304601F01EF9EB
:10B8900070B16B6EDC0704D54FF0FF301DB0BDE812
:10B8A000F08FAB899805F7D4A86DFFF7A9FBF3E7F4
:10B8B0000023099320238DF82930CDF80C80302304
:10B8C000DFF8AC818DF82A304FF0010923469A4603
:10B8D00013F8012B0AB1252AF9D1BAEB040B0BD0CE
:10B8E0005B46224629463046FFF7A2FF013000F0B2
:10B8F000A780099A5A4409929AF80030002B00F068
:10B900009F8000234FF0FF32CDE905230AF1010AA1
:10B91000049307938DF853301A935446052214F874
:10B92000011B5348F4F75CFC049AD8B9D10644BF14
:10B9300020238DF85330130744BF2B238DF8533049
:10B940009AF800302A2B15D0079A544600204FF061
:10B950000A0C214611F8013B303B092B4BD9B0B101
:10B96000079214E0A0EB080309FA03F313430493CE
:10B97000A246D2E7039B191D1B680391002BBBBF96
:10B980005B4242F0020207930793B8BF0492237808
:10B990002E2B0AD163782A2B32D1039B1A1D1B68E8
:10B9A000039243EAE37302340593DFF8D4A02178CD
:10B9B00003225046F4F714FC38B1049BA0EB0A00B4
:10B9C0004022824013430134049314F8011B294898
:10B9D0008DF828100622F4F703FC00283FD0264BF0
:10B9E0001BBB039B073323F0070308330393099B17
:10B9F0003B4409936AE70CFB02320C460120A8E79E
:10BA000000230134059319464FF00A0C204610F824
:10BA1000012B303A092A03D9002BC6D00591C4E77F
:10BA20000CFB012104460123F0E703AB00932A46F7
:10BA3000124B04A93046AFF300800746781CD6D1DC
:10BA40006B6ED90705D4AB899A0502D4A86DFFF7B0
:10BA5000D7FAAB895B063FF51FAF09981EE703AB2A
:10BA600000932A46054B04A9304600F02DF9E4E77F
:10BA7000EFD20008F9D200080000000031B8000839
:10BA8000F5D2000870B50F4E0C463168054611B965
:10BA900001F016F930602146284601F011F9431CE7
:10BAA00003D14FF0FF34204670BDC41C24F00304C2
:10BAB000A042F8D0211A284601F002F90130F2D153
:10BAC000EFE700BF885800202DE9F843CD1C25F092
:10BAD000030508350C2D38BF0C25002D064601DB6B
:10BAE000A94204D90C2333600020BDE8F883DFF8B5
:10BAF000D48000F0B3FAD8F800301C4644BB294685
:10BB00003046FFF7BFFF431C044658D1D8F8004029
:10BB10002746002F43D1002C4BD0236839463046AE
:10BB200004EB030901F0CCF8814542D121686D1A7C
:10BB300029463046FFF7A6FF01303AD023682B4450
:10BB40002360D8F800305A6862BBC8F800700FE074
:10BB50002268521B20D40B2A17D96119A3422560F1
:10BB600018BF5960636808BFC8F8001062514B6085
:10BB7000304600F079FA04F10B00231D20F0070095
:10BB8000C21A1CBF1B1AA350AFE76268A3420CBFC6
:10BB9000C8F800205A60EBE723466468AEE73C46ED
:10BBA0007F68B6E71A465B68A342FBD10023536067
:10BBB000DEE70C233360304600F056FA94E7056068
:10BBC000D6E700BF8C58002082B001B901A942B16C
:10BBD0004BB113780B601278101E18BF012002B011
:10BBE00070471046FBE76FF00100F8E72DE9F047DA
:10BBF000164698468A680B69DDF820909342B8BFD4
:10BC00001346336091F8432007460C460AB10133CE
:10BC100033602368990642BF336802333360256876
:10BC200015F0060506D104F1190AE36832689B1A7B
:10BC3000AB4226DC94F843302268003B18BF012356
:10BC400092062BD404F1430241463846C8470130DE
:10BC50001ED02368226903F00603042B02BFE568A7
:10BC60003368ED1AA3680CBF25EAE57500259342F9
:10BC7000C4BF9B1AED1800261A34B5421AD1002011
:10BC800008E00123524641463846C847013003D1F7
:10BC90004FF0FF30BDE8F0870135C6E7E1185A1CC8
:10BCA000302081F84300224494F8451082F8431074
:10BCB0000233C7E70123224641463846C8470130D0
:10BCC000E6D00136D9E700002DE9FF470F7E0C9E34
:10BCD000782F914680460C469A4601F1430207D8D8
:10BCE000622F0AD8002F00F0D180582F00F0B880C2
:10BCF00004F1420684F842703AE0A7F16303152B81
:10BD0000F6D801A151F823F061BD000875BD000807
:10BD1000F1BC0008F1BC0008F1BC0008F1BC00084F
:10BD200075BD0008F1BC0008F1BC0008F1BC0008BA
:10BD3000F1BC000873BE00089FBD00082DBE0008BE
:10BD4000F1BC0008F1BC000895BE0008F1BC000879
:10BD50009FBD0008F1BC0008F1BC000835BE00081A
:10BD600033681A1D1B68326004F1420684F84230C1
:10BD700001239CE033682068191D3160060601D557
:10BD80001D6803E04506FBD5B3F90050002D03DA2A
:10BD90002D236D4284F8433058480A2311E021686E
:10BDA0003368080653F8045B02D4490648BFADB2B5
:10BDB0006F2F5248336014BF0A230823002184F8F0
:10BDC00043106668A660002E05DB21682E4321F033
:10BDD000040121604BD01646B5FBF3F103FB11576C
:10BDE000C75D06F8017D2F46BB420D46F4D9082BEE
:10BDF0000BD12368DF0708D5236961689942DEBF4C
:10BE0000302306F8013C06F1FF36921B2261CDF883
:10BE100000A04B4603AA21464046FFF7E7FE01304B
:10BE20004AD14FF0FF3004B0BDE8F087236843F0FB
:10BE3000200323603248782784F8457023683168EE
:10BE40001F0651F8045B02D45F0648BFADB23160F3
:10BE5000D90744BF43F0200323601DB11023ADE791
:10BE60002648E9E7236823F020032360F6E7164617
:10BE7000BDE7336825686169181D30602E061B68B0
:10BE800001D5196002E06806FBD519800023236103
:10BE90001646BCE733681A1D32601E6862680021CE
:10BEA0003046F4F79DF908B1801B60606368236138
:10BEB000002384F84330AAE72369324649464046C6
:10BEC000D0470130ADD023689B0713D4E068039BB3
:10BED0009842B8BF1846A6E7012332464946404675
:10BEE000D04701309DD00135E36803995B1AAB421E
:10BEF000F2DCEBE7002504F11906F5E700D30008B2
:10BF000011D30008B1F90C202DE9F04116070546C0
:10BF10000C4654D44B68002B02DC0B6C002B48DD24
:10BF2000E66A002E45D0002312F480522F68216A61
:10BF30002B6030D0626DA389590705D56368D21A8A
:10BF4000636B0BB1236CD21A0023E66A216A284680
:10BF5000B047431CA38906D129681D292BD82A4A3A
:10BF6000CA40D60727D500226260D9042269226020
:10BF700004D5421C01D12B6803B96065616B2F6049
:10BF8000B9B104F14403994202D02846FFF7B6F84C
:10BF9000002363630DE001232846B0470246501C8E
:10BFA000C9D12B68002BC6D01D2B01D0162B1ED15A
:10BFB0002F60002022E043F040031BB21BE00F691A
:10BFC000002FF6D093070E6808BF4B690F6018BFAB
:10BFD0000023A6EB07088B60B8F1000FE9DD216AAA
:10BFE000A66A43463A462846B047002808DCB4F91A
:10BFF0000C3043F04003A3814FF0FF30BDE8F081E7
:10C000000744A8EB0008E7E70100402038B50B69BA
:10C0100005460C4613B90025284638BD18B1036AF9
:10C020000BB9FEF799F8B4F90C30002BF3D0626E1F
:10C03000D00704D4990502D4A06DFEF7E0FF28468E
:10C040002146FFF75FFF636EDA070546E4D4A38954
:10C050009B05E1D4A06DFEF7D3FFDDE70148FEF7B5
:10C06000CEBF00BF805800200148FEF7C9BF00BF07
:10C070008058002070B5C66904460D4676B9102078
:10C0800000F094FE0246E06120B9184B18486B217D
:10C0900000F05AFEC0E901660660C660E669F36812
:10C0A00083B1E369DB6853F82500B8B9012101FACF
:10C0B00005F6721D9200204600F064FE60B1C0E9F2
:10C0C00001560EE021220421204600F05BFEE369C8
:10C0D000F060DB68002BE4D1002070BD026843F8FB
:10C0E00025200023C0E90333F7E700BF22D300086F
:10C0F00039D3000870B5C66905460C4676B91020DC
:10C1000000F054FE0246E86120B9094B09488F212E
:10C1100000F01AFEC0E901660660C6603CB1EB693A
:10C120006268DB6853F82210216043F8224070BD3A
:10C1300022D3000839D300082DE9F0410D690746E4
:10C140000C461E4601F1140C0020DCF8003099B2B8
:10C1500002FB01611E0C0B0C02FB063389B201309D
:10C1600001EB034185424CF8041B4FEA1346ECDC1B
:10C170000EB3A368AB4219DC616838460131FFF7A2
:10C1800079FF804628B902460C4B0D48BA2100F0D1
:10C19000DBFD2269023204F10C0192000C30FEF743
:10C1A0008FFF21463846FFF7A5FF444604EB850381
:10C1B00001355E6125612046BDE8F0817ED2000830
:10C1C00039D300082DE9F8430C4615461F460922CD
:10C1D0000833064693FBF2F3002101229A4209DB61
:10C1E0003046FFF747FF40B90246194B1948D321A3
:10C1F00000F0AAFD52000131F0E7089B4361092DD0
:10C200004FF00103036116DD04F10909C8462C440F
:10C2100018F8013B0146303B0A223046FFF78CFFFD
:10C22000A045F5D1A5F108044C442D1B6319BB4270
:10C2300004DBBDE8F8830A340925F6E714F8013B6E
:10C240000146303B0A223046FFF776FFEEE700BF9B
:10C250007ED2000839D30008B0F5803F034636BFD0
:10C26000030400201020B3F1807F3CBF1B02083084
:10C27000B3F1805F3CBF1B010430B3F1804F3CBF82
:10C280009B000230002B05DB13F0804F00F1010012
:10C2900008BF202070470368024613F007000BD048
:10C2A000D90721D4980749BF5B089B080120136078
:10C2B0005CBF13600220704799B209B91B0C1020B3
:10C2C000D9B209B908301B0A190704BF1B09043089
:10C2D000990704BF9B080230D90703D45B0800F11B
:10C2E000010003D013607047002070472020704782
:10C2F00010B50C460121FFF7BDFE024628B9054BDB
:10C30000054840F2451100F01FFD0123446103611F
:10C3100010BD00BF7ED2000839D300082DE9F04FD0
:10C3200017460A693B699A42A8BF3B468946A4BFA3
:10C330000F4699463D69D9F810A0BB68796805EBAE
:10C340000A06B34285B0B8BF0131FFF793FE30B99A
:10C350000246414B41484FF4B17100F0F5FC00F149
:10C36000140404EB860E23460022734520D307F104
:10C37000140809F1140108EB850501EB8A03029307
:10C38000EB1B153B23F0030304331537BD4238BFC5
:10C3900004230193029B03918B420CD8002E03DDF2
:10C3A0005EF8043D002B55D0066105B0BDE8F08F66
:10C3B00043F8042BD9E7B1F800A0BAF1000F1FD061
:10C3C000C446A14600275CF8042BD9F800301FFAB8
:10C3D00082FB9BB20AFB0B333B44D9F80070120C72
:10C3E0003F0C0AFB027202EB13429BB243EA024388
:10C3F000654549F8043B4FEA1247E4D8019BE750F2
:10C40000039BB3F802900431B9F1000F20D02368E8
:10C410004746A4464FF0000AB7F800B0BCF8022027
:10C4200009FB0B2252449BB243EA02434CF8043B03
:10C4300057F8043B4FEA134ABCF8003009FB0A33B3
:10C4400003EB1243BD424FEA134AE5D8019AA350C9
:10C4500004349FE7013EA1E77ED2000839D30008EB
:10C460002DE9F843154612F0030207460E4607D0A1
:10C47000254C013A002354F82220FFF75DFE0646C2
:10C48000AD103DD0FC697CB9102000F08FFC024655
:10C49000F86128B91D4B1E4840F2B31100F054FC5E
:10C4A000C0E901440460C460D7F81C80D8F8084093
:10C4B0004CB940F271213846FFF71AFF0023C8F843
:10C4C0000800044603604FF00009EB070AD5314627
:10C4D00022463846FFF722FF314680463846FFF7AE
:10C4E00009FE46466D100BD0206838B92246214619
:10C4F0003846FFF713FF2060C0F800900446E4E7D9
:10C500003046BDE8F88300BF24D5000822D30008D8
:10C5100039D300082DE9F0470C464968236903EB3D
:10C520006218A368074691464FEA621A08F10106AD
:10C53000B3420BDB3846FFF79DFD054648B902467E
:10C54000284B29484FF4EF7100F0FEFB01315B00EE
:10C55000EEE7002300F1140100F1100218465345E4
:10C5600033DB20692AEAEA7A04F1140319F01F097F
:10C5700001EB8A0103EB800C2BD0C9F1200E8A4617
:10C580000022186800FA09F010434AF8040B53F827
:10C59000042B9C4522FA0EF2F3D8ACEB0403153BB6
:10C5A00023F00303043304F11500604588BF04231E
:10C5B000CA500AB108F10206013E38462E612146F2
:10C5C000FFF798FD2846BDE8F08742F8040F0133D5
:10C5D000C5E7043953F8042B41F8042F9C45F9D8DA
:10C5E000EAE700BF7ED2000839D300080A69034693
:10C5F0000069801A30B50ED11433143103EB820474
:10C6000001EB820154F8045D51F8042D954203D0EA
:10C6100005D24FF0FF3030BDA342F3D3FBE701203A
:10C62000F9E700002DE9F74F8946064611464846CE
:10C630001446FFF7DBFF051E12D129463046FFF7EF
:10C6400019FD024628B93F4B40F237213E4800F021
:10C650007BFB0123C0E90435104603B0BDE8F08F31
:10C66000BCBF4B46A1463046D9F80410BABF1C46A1
:10C6700001250025FFF7FEFC024618B9314B40F2B8
:10C680004521E3E7D9F810702669C56009F1100368
:10C6900009F1140504F1140E00F1140B05EB8708E1
:10C6A0000EEB86060193D9464FF0000C019B5EF815
:10C6B000040B53F804AF01931FFA8AF3194683B2AF
:10C6C000CB1A000C6344C0EB1A4000EB23409BB232
:10C6D00043EA0043764549F8043B4FEA204CE5D84D
:10C6E000331B153B23F0030315340433A64238BF34
:10C6F00004231D445B441E462C4644450ED308F1DA
:10C700000301491B21F00301033DA84538BF002167
:10C710000B4453F8041D91B117619DE754F8041BB5
:10C72000E646080C1CFA81FC714400EB2C4089B2EF
:10C7300041EA004146F8041B4FEA204CDDE7013F87
:10C74000E7E700BF7ED2000839D3000882B08DED44
:10C75000000B019A0F4B1340A3F15073002B08DC20
:10C760005B42B3F1A07F4FEA235204DA4FF4002377
:10C770001341002208E0A2F114031E2BDABF4FF090
:10C780000042DA40012200231946104641EC100B0A
:10C7900002B070470000F07F2DE9F041066900F11A
:10C7A000140808EB8606371F56F8042C1046FFF7CE
:10C7B00053FDC0F120030A280B601B4915DCC0F1B2
:10C7C0000B0C22FA0CF3B84543EA010534BF56F8C6
:10C7D000083C0023153002FA00F023FA0CF303435F
:10C7E0001C4645EC104BBDE8F081B8453ABF56F801
:10C7F000083CA6F1080700230B3812D0C0F1200135
:10C8000023FA01F482402243474542F07F558CBF12
:10C8100057F8042C00228340CA4045F440151343C6
:10C82000DEE742EA0105DBE70000F03F2DE9F743D0
:10C830000F46012159EC108B1646FFF71BFC0446EE
:10C8400030B90246234B244840F20F3100F07CFA05
:10C85000C9F30A55C9F313030DB143F480130193CF
:10C86000B8F1000323D068460093FFF714FDDDE91B
:10C870000012D0B1C0F1200302FA03F30B43C2400F
:10C8800063610192019BA361002B0CBF0122022274
:10C890002261A5B1A5F2334505443D60C0F13500E4
:10C8A0003060204603B0BDE8F0836161EAE701A88B
:10C8B000FFF7F1FC019B636120300122E8E704EB04
:10C8C0008203A0F2324038601869FFF7C5FCC0EB64
:10C8D0004210E5E77ED2000839D300082DE9F04F79
:10C8E00085B0CDE9001002A9FFF756FF009803A913
:10C8F00055EC104BFFF750FF019B1969009B1B691A
:10C90000C91ADDE902329B1A5BEC10AB03EB411351
:10C91000002BCEBF2A46C3EB03335A462F46D946D7
:10C92000CCBF02EB035702EB03594B46524620465D
:10C930003946F3F78BFF41EC100B05B0BDE8F08FE3
:10C94000013970B549111469013102F1140300EB8A
:10C95000810103EB8404051FA3420CD3A31A113BEE
:10C9600023F003031132A24288BF0023184400239E
:10C97000884205D370BD53F8046B45F8046FEBE7AC
:10C9800040F8043BF4E700F1140200694B119842AF
:10C9900010B511DB0ADD11F01F0107D052F823405A
:10C9A00024FA01F000FA01F18C420BD102EB83036F
:10C9B000934203D8002010BD0346F7E753F8041D47
:10C9C0000029F5D00120F6E710B50C46B1F90E109C
:10C9D00000F064F90028ABBF636DA3891B1823F432
:10C9E0008053ACBF6365A38110BD2DE9F0411F46A4
:10C9F0008B89DB0505460C46164605D5B1F90E10A8
:10CA00000223002200F038F9A389B4F90E1023F4B0
:10CA10008053A38132463B462846BDE8F04100F0F2
:10CA20005FB910B50C46B1F90E1000F025F9431CA2
:10CA3000A38915BF606523F4805343F48053A38119
:10CA400018BFA38110BDB1F90E1000F05BB9F8B5A5
:10CA50000E461446054618B1036A0BB9FDF77CFB78
:10CA6000A369A360A3891A0701D5236943B92146A5
:10CA7000284600F02BF818B14FF0FF373846F8BDC4
:10CA800023682269981A6369F6B28342374605DC47
:10CA900021462846FFF7BAFA0028EDD1A368013BEA
:10CAA000A36023685A1C22601E706269431C9A426C
:10CAB00004D0A389DB07E1D50A2EDFD12146284621
:10CAC000FFF7A4FA0028D9D0D6E7000038B5294BE3
:10CAD000054618680C4618B1036A0BB9FDF73CFB14
:10CAE000B4F90C30190722D4DA0607D409222A60D7
:10CAF00043F04003A3814FF0FF3033E0580712D5D5
:10CB0000616B41B104F14403994202D02846FEF71B
:10CB1000F5FA00236363A38923F02403A381002390
:10CB2000636023692360A38943F00803A381236919
:10CB30004BB9A38903F42073B3F5007F03D02146DA
:10CB4000284600F04CF8B4F90C3013F001020AD07A
:10CB50000022A26062695242A261226942B913F0C6
:10CB60008000C5D138BD990758BF6269A260F4E75B
:10CB70000020F7E78C0100200346084641B1FF2A58
:10CB800004D98A221A604FF0FF3070470A700120E2
:10CB9000704770B50C46B1F90E10002996B01546D5
:10CBA0001E460DDAA38913F0800F4FF0000114BF69
:10CBB00040234FF48063002031602B6016B070BDBD
:10CBC0006A4600F0AFF80028ECDB019901F47041EF
:10CBD000A1F50053594259414FF48063EBE78B892B
:10CBE000F7B59D0706460C4607D504F147032360B9
:10CBF00023610123636103B0F0BD01AB6A46FFF717
:10CC0000C8FF009F054639463046FEF75DFF48B92C
:10CC1000B4F90C309A05EED423F0030343F0020379
:10CC2000A381E2E7A389206043F08003A381019BF5
:10CC3000C4E904075BB1B4F90E10304600F00CF8FB
:10CC400028B1A38923F0030343F00103A381A3893F
:10CC50001D43A581CFE7000038B5064D00230446EB
:10CC600008462B60F4F752FD431C02D12B6803B138
:10CC7000236038BD8458002038B5074D0446084667
:10CC8000114600222A601A46F4F74BFD431C02D1DC
:10CC90002B6803B1236038BD8458002038B5074D98
:10CCA00004460846114600222A601A46F4F7F5FCAD
:10CCB000431C02D12B6803B1236038BD8458002087
:10CCC00038B5064D0023044608462B60F4F736FDC0
:10CCD000431C02D12B6803B1236038BD8458002067
:10CCE00038B5074D04460846114600222A601A4608
:10CCF000FCF71EFF431C02D12B6803B1236038BD33
:10CD00008458002038B5064D0023044608462B60A1
:10CD1000F4F7E0FC431C02D12B6803B1236038BD5B
:10CD20008458002038B5074D0023044608461146B4
:10CD30002B60F4F7DBFC431C02D12B6803B12360AA
:10CD400038BD00BF845800201FB514461A46094B51
:10CD50001B680546D8684CB1074B0091CDE90134FA
:10CD600006492B4600F02AF800F03AF8044B1C461E
:10CD7000F3E700BF8C01002092D300089FD3000886
:10CD8000CDD3000870B5A1FB025434B92946FEF793
:10CD90009BFE064628B9304670BD0C220260002674
:10CDA000F9E72A462146FEF7E5F8F4E7024B01468B
:10CDB0001868FEF789BE00BF8C0100200EB403B5D1
:10CDC000014603AB054853F8042B00680193FEF7B6
:10CDD00041FD02B05DF804EB03B070478C01002008
:10CDE00008B5062000F02CF80120F4F74BFC1F29B1
:10CDF00038B505460C4604D9162303604FF0FF30C2
:10CE000038BDC26B12B152F821304BB9284600F040
:10CE100031F8224601462846BDE8384000F018B8EF
:10CE2000012B0AD0591C03D1162303600120E7E728
:10CE3000002142F82410204698470020E0E7000037
:10CE4000024B01461868FFF7D2BF00BF8C010020DB
:10CE500038B5074D00230446084611462B60F4F709
:10CE600001FC431C02D12B6803B1236038BD00BF15
:10CE700084580020F4F7EEBBF8B500BFF8BC08BC3E
:10CE80009E467047F8B500BFF8BC08BC9E46704788
:10CE900064656661756C745461736B00756172745E
:10CEA0005F70617273657200646973706174636846
:10CEB000657200006D6F746F7200000075617274AE
:10CEC0005F7478006C6564004C617765724D6F77B4
:10CED00065724D6F746F720049444C45000000004C
:10CEE000546D722053766300546D7251000000003F
:10CEF0004C4C5F4D6F746F725F416C65726D206357
:10CF0000616C6C0D000000004C525F4D6F746F72CD
:10CF10005F416C65726D2063616C6C0D00000000F8
:10CF2000524C5F4D6F746F725F416C65726D206320
:10CF3000616C6C0D00000000627566202573200A8C
:10CF4000000000004C454420636D643D25642C20A6
:10CF5000723D25642C20673D25642C20623D2564AC
:10CF60002C2064656C61793D25640D0A0000000089
:10CF70004C61776E204D6F77657220636D6420730E
:10CF8000656E743A2070776D3D25640D0A000000CF
:10CF90004C617765724D6F7765724D6F746F725427
:10CFA00061736B2073746172746564210D000000FD
:10CFB0004C61776E204D6F7765723A20706B6720F9
:10CFC00074797065206572722028676F74202564FB
:10CFD000290D0A004C61776E204D6F7765723A20FB
:10CFE000696E73756666696369656E7420617267E0
:10CFF000756D656E74730D004C61776E204D6F77A3
:10D0000065723A2050574D3D25640D0A000000001E
:10D010004D6F746F72207461736B207374617274DE
:10D020006564210D00000000706B672074797065E5
:10D0300020657272200D00004C65645461736B2092
:10D0400073746172746564210D0000004C65645452
:10D0500061736B2072656365697665643A20636D00
:10D06000643D25642C20723D25642C20673D256499
:10D070002C20623D25642C2064656C61793D25641B
:10D080000D0A00004C45443A20436C6561720D0066
:10D090004C45443A20416C6C204F6E0D000000005E
:10D0A0004C45443A20466C6F772028636F6E746954
:10D0B0006E756F7573206D6F6465290D000000003B
:10D0C0004C45443A205475726E204C656674202895
:10D0D000636F6E74696E756F7573206D6F6465290B
:10D0E0000D0000004C45443A205475726E20526980
:10D0F0006768742028636F6E74696E756F7573202E
:10D100006D6F6465290D00004C45443A2053686FEB
:10D11000770D00004C45443A20556E6B6E6F776E6C
:10D1200020636F6D6D616E642025640D0A00000040
:10D130005B5753323831325D205374617274696EBB
:10D14000672054494D332E2E2E0D000090CE00083E
:10D1500000000000000000000000000000000000CF
:10D1600000020000180000000000000000000000A5
:10D170009CCE00080000000000000000000000003D
:10D180000000000000040000180000000000000083
:10D1900000000000A8CE0008000000000000000011
:10D1A0000000000000000000000400001800000063
:10D1B0000000000000000000B4CE000800000000E5
:10D1C000000000000000000000000000000400005B
:10D1D000280000000000000000000000BCCE000895
:10D1E000000000000000000000000000000000003F
:10D1F00000080000280000000000000000000000FF
:10D20000C4CE000800000000000000000000000084
:10D2100000000000000400001800000000000000F2
:10D2200000000000C8CE0008000000000000000060
:10D2300000000000000000000004000018000000D2
:10D2400000000000000000000000000000000000DE
:10D25000010203040607080900000000010203049C
:10D2600000061016000610162E006E6600696E6924
:10D27000747900616E004300504F53495800426179
:10D280006C6C6F6320737563636565646564002F00
:10D290006275696C642F676E752D746F6F6C732D7A
:10D2A000666F722D73746D33325F31332E332E728D
:10D2B000656C312E32303235303532332D303930E5
:10D2C000302F7372632F6E65776C69622F6E65778E
:10D2D0006C69622F6C6962632F7374646C69622F6E
:10D2E0006764746F612D6765746865782E630023C9
:10D2F0002D302B2000686C4C006566674546470062
:10D30000303132333435363738394142434445467B
:10D310000030313233343536373839616263646511
:10D3200066005245454E54206D616C6C6F632073EE
:10D330007563636565646564002F6275696C642F4D
:10D34000676E752D746F6F6C732D666F722D7374AD
:10D350006D33325F31332E332E72656C312E3230A5
:10D360003235303532332D303930302F7372632FF0
:10D370006E65776C69622F6E65776C69622F6C6978
:10D3800062632F7374646C69622F6D707265632EB3
:10D3900063002C2066756E6374696F6E3A200061BD
:10D3A0007373657274696F6E202225732220666123
:10D3B000696C65643A2066696C6520222573222CAD
:10D3C000206C696E65202564257325730A000000B2
:10D3D00034000000CEFBFFFFCB0300000100000083
:10D3E0000000000035000000CEFBFFFFCB03000073
:10D3F0000100000000000000BC89D897B2D29C3C1C
:10D4000033A7A8D523F649393DA7F444FD0FA5322B
:10D410009D978CCF08BA5B25436FAC6428066811D2
:10D4200000202020202020202020282828282820F4
:10D4300020202020202020202020202020202020EC
:10D440002088101010101010101010101010101054
:10D450001004040404040404040404101010101044
:10D46000101041414141414101010101010101010E
:10D470000101010101010101010101011010101060
:10D4800010104242424242420202020202020202E0
:10D490000202020202020202020202021010101034
:10D4A000200000000000000000000000000000005C
:10D4B000000000000000000000000000000000006C
:10D4C000000000000000000000000000000000005C
:10D4D000000000000000000000000000000000004C
:10D4E000000000000000000000000000000000003C
:10D4F000000000000000000000000000000000002C
:10D50000000000000000000000000000000000001B
:10D51000000000000000000000000000000000000B
:10D520000000000005000000190000007D00000060
:10D530000080E03779C34143176E05B5B5B893460F
:10D54000F5F93FE9034F384D321D30F94877825ADB
:10D550003CBF737FDD4F1575000000000000F03FF9
:10D5600000000000000024400000000000005940BE
:10D570000000000000408F40000000000088C34011
:10D5800000000000006AF8400000000080842E4186
:10D5900000000000D01263410000000084D79741D2
:10D5A0000000000065CDCD41000000205FA00242D8
:10D5B000000000E876483742000000A2941A6D424D
:10D5C000000040E59C30A2420000901EC4BCD64240
:10D5D00000003426F56B0C430080E03779C34143EB
:10D5E00000A0D8855734764300C84E676DC1AB4361
:10D5F000003D9160E458E143408CB5781DAF15447F
:10D6000050EFE2D6E41A4B4492D54D06CFF0804459
:10D61000F64AE1C7022DB544B49DD9794378EA446E
:08D62000C02BFF7F0100000098
:04D62800C501000830
:04D62C00A101000850
:10D630000024F4001000000001000000AAAAAAAA19
:10D640000F0000000000000003000000445700200D
:10D650004300000000000000000000000000000087
:10D6600000000000000000000000000000000000BA
:10D670004300000000000000000000000000000067
:10D68000000000000000000000000000000000009A
:10D690004300000000000000000000000000000047
:10D6A000000000000000000000000000000000007A
:10D6B0004300000000000000000000000000000027
:10D6C000000000000000000000000000000000005A
:10D6D0004300000000000000000000000000000007
:10D6E000000000000000000000000000000000003A
:10D6F00043000000000000000000000000000000E7
:10D700000000000000000000000000000000000019
:10D7100043000000000000000000000000000000C6
:10D7200000000000000000000000000000000000F9
:10D7300079CB0008C9BB00080000000020D4000815
:10D7400068D20008CDD30008CDD30008CDD300089F
:10D75000CDD30008CDD30008CDD30008CDD3000829
:10D76000CDD30008CDD30008FFFFFFFFFFFFFFFF71
:10D77000FFFFFFFFFFFF0000010041534349490045
:10D780000000000000000000000000000000000099
:10D790000000000000000000000041534349490020
:10D7A0000000000000000000000000000000000079
:10D7B00000000000000000000000000090010020B8
:10D7C0000000000044570020AC57002014580020EF
:10D7D0000000000000000000000000000000000049
:10D7E0000000000000000000000000000000000039
:10D7F0000000000000000000000000000000000029
:0CD800000000000000000000000000001C
:0400000508001EC50C
:00000001FF
